[AutoRestart] Starting Aikya at Sat Nov 15 09:23:14 IST 2025
[AutoRestart] Checking...
[AutoRestart] Checking...
[AutoRestart] Checking...
[AutoRestart] Checking...
[AutoRestart] Checking...
[AutoRestart] Checking...
[2025-11-15 09:28:34] ----- 🚀 Aikya Autopilot START 2025-11-15 09:28:34 -----
[2025-11-15 09:28:34] ----- 🚀 Aikya Autopilot START 2025-11-15 09:28:34 -----
[2025-11-15 09:28:34] RUN: git pull --rebase
[2025-11-15 09:28:34] RUN: git pull --rebase
error: cannot pull with rebase: You have unstaged changes.
error: Please commit or stash them.
[2025-11-15 09:28:36] ERROR: git pull --rebase failed
[2025-11-15 09:28:36] ERROR: git pull --rebase failed
[2025-11-15 09:28:36] RUN: npm install --legacy-peer-deps
[2025-11-15 09:28:36] RUN: npm install --legacy-peer-deps
npm warn EBADENGINE Unsupported engine {
npm warn EBADENGINE   package: 'superstatic@9.2.0',
npm warn EBADENGINE   required: { node: '18 || 20 || 22' },
npm warn EBADENGINE   current: { node: 'v24.9.0', npm: '11.6.0' }
npm warn EBADENGINE }

> re2@1.22.1 install
> install-from-cache --artifact build/Release/re2.node --host-var RE2_DOWNLOAD_MIRROR --skip-path-var RE2_DOWNLOAD_SKIP_PATH --skip-ver-var RE2_DOWNLOAD_SKIP_VER || node-gyp -j max rebuild

Trying https://github.com/uhop/node-re2/releases/download/1.22.1/android-arm64-137.br ...
Trying https://github.com/uhop/node-re2/releases/download/1.22.1/android-arm64-137.gz ...
Trying https://github.com/uhop/node-re2/releases/download/1.22.1/android-arm64-137 ...
Building locally ...

> re2@1.22.1 rebuild
> node-gyp -j max rebuild

gyp info it worked if it ends with ok
gyp info using node-gyp@11.5.0
gyp info using node@24.9.0 | android | arm64
gyp info find Python using Python version 3.12.12 found at "/data/data/com.termux/files/usr/bin/python3"

gyp info spawn /data/data/com.termux/files/usr/bin/python3
gyp info spawn args [
gyp info spawn args '/data/data/com.termux/files/home/aikya/Aikya-autopilot-upload/node_modules/node-gyp/gyp/gyp_main.py',
gyp info spawn args 'binding.gyp',
gyp info spawn args '-f',
gyp info spawn args 'make',
gyp info spawn args '-I',
gyp info spawn args '/data/data/com.termux/files/home/aikya/Aikya-autopilot-upload/node_modules/re2/build/config.gypi',
gyp info spawn args '-I',
gyp info spawn args '/data/data/com.termux/files/home/aikya/Aikya-autopilot-upload/node_modules/node-gyp/addon.gypi',
gyp info spawn args '-I',
gyp info spawn args '/data/data/com.termux/files/home/.cache/node-gyp/24.9.0/include/node/common.gypi',
gyp info spawn args '-Dlibrary=shared_library',
gyp info spawn args '-Dvisibility=default',
gyp info spawn args '-Dnode_root_dir=/data/data/com.termux/files/home/.cache/node-gyp/24.9.0',
gyp info spawn args '-Dnode_gyp_dir=/data/data/com.termux/files/home/aikya/Aikya-autopilot-upload/node_modules/node-gyp',
gyp info spawn args '-Dnode_lib_file=/data/data/com.termux/files/home/.cache/node-gyp/24.9.0/<(target_arch)/node.lib',
gyp info spawn args '-Dmodule_root_dir=/data/data/com.termux/files/home/aikya/Aikya-autopilot-upload/node_modules/re2',
gyp info spawn args '-Dnode_engine=v8',
gyp info spawn args '--depth=.',
gyp info spawn args '--no-parallel',
gyp info spawn args '--generator-output',
gyp info spawn args 'build',
gyp info spawn args '-Goutput_dir=.'
gyp info spawn args ]
gyp: Undefined variable android_ndk_path in binding.gyp while trying to load binding.gyp
gyp ERR! configure error 
gyp ERR! stack Error: `gyp` failed with exit code: 1
gyp ERR! stack at ChildProcess.<anonymous> (/data/data/com.termux/files/home/aikya/Aikya-autopilot-upload/node_modules/node-gyp/lib/configure.js:317:18)
gyp ERR! stack at ChildProcess.emit (node:events:508:28)
gyp ERR! stack at ChildProcess._handle.onexit (node:internal/child_process:294:12)
gyp ERR! System Linux 5.10.209-android12-9-00019-g4ea09a298bb4-ab12292661
gyp ERR! command "/data/data/com.termux/files/usr/bin/node" "/data/data/com.termux/files/home/aikya/Aikya-autopilot-upload/node_modules/.bin/node-gyp" "-j" "max" "rebuild"
gyp ERR! cwd /data/data/com.termux/files/home/aikya/Aikya-autopilot-upload/node_modules/re2
gyp ERR! node -v v24.9.0
gyp ERR! node-gyp -v v11.5.0
gyp ERR! not ok 
node:internal/process/promises:392
      new UnhandledPromiseRejection(reason);
      ^

UnhandledPromiseRejection: This error originated either by throwing inside of an async function without a catch block, or by rejecting a promise which was not handled with .catch(). The promise rejected with the reason "1".
    at throwUnhandledRejectionsMode (node:internal/process/promises:392:7)
    at processPromiseRejections (node:internal/process/promises:475:17)
    at process.processTicksAndRejections (node:internal/process/task_queues:106:32) {
  code: 'ERR_UNHANDLED_REJECTION'
}

Node.js v24.9.0
gyp info it worked if it ends with ok
gyp info using node-gyp@11.5.0
gyp info using node@24.9.0 | android | arm64
gyp info find Python using Python version 3.12.12 found at "/data/data/com.termux/files/usr/bin/python3"

gyp info spawn /data/data/com.termux/files/usr/bin/python3
gyp info spawn args [
gyp info spawn args '/data/data/com.termux/files/home/aikya/Aikya-autopilot-upload/node_modules/node-gyp/gyp/gyp_main.py',
gyp info spawn args 'binding.gyp',
gyp info spawn args '-f',
gyp info spawn args 'make',
gyp info spawn args '-I',
gyp info spawn args '/data/data/com.termux/files/home/aikya/Aikya-autopilot-upload/node_modules/re2/build/config.gypi',
gyp info spawn args '-I',
gyp info spawn args '/data/data/com.termux/files/home/aikya/Aikya-autopilot-upload/node_modules/node-gyp/addon.gypi',
gyp info spawn args '-I',
gyp info spawn args '/data/data/com.termux/files/home/.cache/node-gyp/24.9.0/include/node/common.gypi',
gyp info spawn args '-Dlibrary=shared_library',
gyp info spawn args '-Dvisibility=default',
gyp info spawn args '-Dnode_root_dir=/data/data/com.termux/files/home/.cache/node-gyp/24.9.0',
gyp info spawn args '-Dnode_gyp_dir=/data/data/com.termux/files/home/aikya/Aikya-autopilot-upload/node_modules/node-gyp',
gyp info spawn args '-Dnode_lib_file=/data/data/com.termux/files/home/.cache/node-gyp/24.9.0/<(target_arch)/node.lib',
gyp info spawn args '-Dmodule_root_dir=/data/data/com.termux/files/home/aikya/Aikya-autopilot-upload/node_modules/re2',
gyp info spawn args '-Dnode_engine=v8',
gyp info spawn args '--depth=.',
gyp info spawn args '--no-parallel',
gyp info spawn args '--generator-output',
gyp info spawn args 'build',
gyp info spawn args '-Goutput_dir=.'
gyp info spawn args ]
gyp: Undefined variable android_ndk_path in binding.gyp while trying to load binding.gyp
gyp ERR! configure error 
gyp ERR! stack Error: `gyp` failed with exit code: 1
gyp ERR! stack at ChildProcess.<anonymous> (/data/data/com.termux/files/home/aikya/Aikya-autopilot-upload/node_modules/node-gyp/lib/configure.js:317:18)
gyp ERR! stack at ChildProcess.emit (node:events:508:28)
gyp ERR! stack at ChildProcess._handle.onexit (node:internal/child_process:294:12)
gyp ERR! System Linux 5.10.209-android12-9-00019-g4ea09a298bb4-ab12292661
gyp ERR! command "/data/data/com.termux/files/usr/bin/node" "/data/data/com.termux/files/home/aikya/Aikya-autopilot-upload/node_modules/.bin/node-gyp" "-j" "max" "rebuild"
gyp ERR! cwd /data/data/com.termux/files/home/aikya/Aikya-autopilot-upload/node_modules/re2
gyp ERR! node -v v24.9.0
gyp ERR! node-gyp -v v11.5.0
gyp ERR! not ok 
[AutoRestart] Checking...

added 52 packages, removed 1 package, and audited 2350 packages in 40s

249 packages are looking for funding
  run `npm fund` for details

50 vulnerabilities (3 low, 23 moderate, 24 high)

To address issues that do not require attention, run:
  npm audit fix

To address all issues (including breaking changes), run:
  npm audit fix --force

Run `npm audit` for details.
[2025-11-15 09:29:16] RUN: npm run build
[2025-11-15 09:29:16] RUN: npm run build
npm error Missing script: "build"
npm error
npm error To see a list of scripts, run:
npm error   npm run
npm error A complete log of this run can be found in: /data/data/com.termux/files/home/.npm/_logs/2025-11-15T03_59_17_287Z-debug-0.log
[2025-11-15 09:29:17] ERROR: npm run build failed
[2025-11-15 09:29:17] ERROR: npm run build failed
[AutoRestart] Checking...
[2025-11-15 09:30:47] ----- 🚀 Aikya Autopilot START 2025-11-15 09:30:47 -----
[2025-11-15 09:30:47] RUN: git pull --rebase
error: cannot pull with rebase: You have unstaged changes.
error: Please commit or stash them.
[2025-11-15 09:30:49] ERROR: git pull --rebase failed
[2025-11-15 09:30:49] RUN: npm install --legacy-peer-deps
npm warn EBADENGINE Unsupported engine {
npm warn EBADENGINE   package: 'superstatic@9.2.0',
npm warn EBADENGINE   required: { node: '18 || 20 || 22' },
npm warn EBADENGINE   current: { node: 'v24.9.0', npm: '11.6.0' }
npm warn EBADENGINE }

changed 4 packages, and audited 2350 packages in 17s

249 packages are looking for funding
  run `npm fund` for details

50 vulnerabilities (3 low, 23 moderate, 24 high)

To address issues that do not require attention, run:
  npm audit fix

To address all issues (including breaking changes), run:
  npm audit fix --force

Run `npm audit` for details.
[2025-11-15 09:31:08] RUN: npm run build
npm error Missing script: "build"
npm error
npm error To see a list of scripts, run:
npm error   npm run
npm error A complete log of this run can be found in: /data/data/com.termux/files/home/.npm/_logs/2025-11-15T04_01_09_471Z-debug-0.log
[2025-11-15 09:31:09] ERROR: npm run build failed
[AutoRestart] Checking...
[2025-11-15 09:31:47] ----- 🚀 Aikya Autopilot START 2025-11-15 09:31:47 -----
[2025-11-15 09:31:47] RUN: git pull --rebase
error: cannot pull with rebase: You have unstaged changes.
error: Please commit or stash them.
[2025-11-15 09:31:50] ERROR: git pull --rebase failed
[2025-11-15 09:31:50] RUN: npm install --legacy-peer-deps
npm warn EBADENGINE Unsupported engine {
npm warn EBADENGINE   package: 'superstatic@9.2.0',
npm warn EBADENGINE   required: { node: '18 || 20 || 22' },
npm warn EBADENGINE   current: { node: 'v24.9.0', npm: '11.6.0' }
npm warn EBADENGINE }

up to date, audited 2350 packages in 15s

249 packages are looking for funding
  run `npm fund` for details

50 vulnerabilities (3 low, 23 moderate, 24 high)

To address issues that do not require attention, run:
  npm audit fix

To address all issues (including breaking changes), run:
  npm audit fix --force

Run `npm audit` for details.
[2025-11-15 09:32:07] RUN: npm run build
npm error Missing script: "build"
npm error
npm error To see a list of scripts, run:
npm error   npm run
npm error A complete log of this run can be found in: /data/data/com.termux/files/home/.npm/_logs/2025-11-15T04_02_07_407Z-debug-0.log
[2025-11-15 09:32:07] ERROR: npm run build failed
[AutoRestart] Checking...
[2025-11-15 09:32:47] ----- 🚀 Aikya Autopilot START 2025-11-15 09:32:47 -----
[2025-11-15 09:32:47] RUN: git pull --rebase
error: cannot pull with rebase: You have unstaged changes.
error: Please commit or stash them.
[2025-11-15 09:32:50] ERROR: git pull --rebase failed
[2025-11-15 09:32:50] RUN: npm install --legacy-peer-deps
npm warn EBADENGINE Unsupported engine {
npm warn EBADENGINE   package: 'superstatic@9.2.0',
npm warn EBADENGINE   required: { node: '18 || 20 || 22' },
npm warn EBADENGINE   current: { node: 'v24.9.0', npm: '11.6.0' }
npm warn EBADENGINE }

up to date, audited 2350 packages in 14s

249 packages are looking for funding
  run `npm fund` for details

50 vulnerabilities (3 low, 23 moderate, 24 high)

To address issues that do not require attention, run:
  npm audit fix

To address all issues (including breaking changes), run:
  npm audit fix --force

Run `npm audit` for details.
[2025-11-15 09:33:05] RUN: npm run build
npm error Missing script: "build"
npm error
npm error To see a list of scripts, run:
npm error   npm run
npm error A complete log of this run can be found in: /data/data/com.termux/files/home/.npm/_logs/2025-11-15T04_03_05_443Z-debug-0.log
[2025-11-15 09:33:05] ERROR: npm run build failed
[AutoRestart] Checking...
[2025-11-15 09:33:47] ----- 🚀 Aikya Autopilot START 2025-11-15 09:33:47 -----
[2025-11-15 09:33:47] RUN: git pull --rebase
error: cannot pull with rebase: You have unstaged changes.
error: Please commit or stash them.
[2025-11-15 09:33:50] ERROR: git pull --rebase failed
[2025-11-15 09:33:50] RUN: npm install --legacy-peer-deps
npm warn EBADENGINE Unsupported engine {
npm warn EBADENGINE   package: 'superstatic@9.2.0',
npm warn EBADENGINE   required: { node: '18 || 20 || 22' },
npm warn EBADENGINE   current: { node: 'v24.9.0', npm: '11.6.0' }
npm warn EBADENGINE }
[AutoRestart] Checking...

up to date, audited 2350 packages in 28s

249 packages are looking for funding
  run `npm fund` for details

50 vulnerabilities (3 low, 23 moderate, 24 high)

To address issues that do not require attention, run:
  npm audit fix

To address all issues (including breaking changes), run:
  npm audit fix --force

Run `npm audit` for details.
[2025-11-15 09:34:19] RUN: npm run build
npm error Missing script: "build"
npm error
npm error To see a list of scripts, run:
npm error   npm run
npm error A complete log of this run can be found in: /data/data/com.termux/files/home/.npm/_logs/2025-11-15T04_04_20_202Z-debug-0.log
[2025-11-15 09:34:20] ERROR: npm run build failed
[2025-11-15 09:34:47] ----- 🚀 Aikya Autopilot START 2025-11-15 09:34:47 -----
[2025-11-15 09:34:47] RUN: git pull --rebase
error: cannot pull with rebase: You have unstaged changes.
error: Please commit or stash them.
[2025-11-15 09:34:52] ERROR: git pull --rebase failed
[2025-11-15 09:34:52] RUN: npm install --legacy-peer-deps
npm warn EBADENGINE Unsupported engine {
npm warn EBADENGINE   package: 'superstatic@9.2.0',
npm warn EBADENGINE   required: { node: '18 || 20 || 22' },
npm warn EBADENGINE   current: { node: 'v24.9.0', npm: '11.6.0' }
npm warn EBADENGINE }

up to date, audited 2350 packages in 17s

249 packages are looking for funding
  run `npm fund` for details

50 vulnerabilities (3 low, 23 moderate, 24 high)

To address issues that do not require attention, run:
  npm audit fix

To address all issues (including breaking changes), run:
  npm audit fix --force

Run `npm audit` for details.
[2025-11-15 09:35:11] RUN: npm run build
npm error Missing script: "build"
npm error
npm error To see a list of scripts, run:
npm error   npm run
npm error A complete log of this run can be found in: /data/data/com.termux/files/home/.npm/_logs/2025-11-15T04_05_11_872Z-debug-0.log
[2025-11-15 09:35:12] ERROR: npm run build failed
[AutoRestart] Checking...
[2025-11-15 09:35:47] ----- 🚀 Aikya Autopilot START 2025-11-15 09:35:47 -----
[2025-11-15 09:35:47] RUN: git pull --rebase
error: cannot pull with rebase: You have unstaged changes.
error: Please commit or stash them.
[2025-11-15 09:35:50] ERROR: git pull --rebase failed
[2025-11-15 09:35:50] RUN: npm install --legacy-peer-deps
npm warn EBADENGINE Unsupported engine {
npm warn EBADENGINE   package: 'superstatic@9.2.0',
npm warn EBADENGINE   required: { node: '18 || 20 || 22' },
npm warn EBADENGINE   current: { node: 'v24.9.0', npm: '11.6.0' }
npm warn EBADENGINE }

up to date, audited 2350 packages in 17s

249 packages are looking for funding
  run `npm fund` for details

50 vulnerabilities (3 low, 23 moderate, 24 high)

To address issues that do not require attention, run:
  npm audit fix

To address all issues (including breaking changes), run:
  npm audit fix --force

Run `npm audit` for details.
[2025-11-15 09:36:08] RUN: npm run build
npm error Missing script: "build"
npm error
npm error To see a list of scripts, run:
npm error   npm run
npm error A complete log of this run can be found in: /data/data/com.termux/files/home/.npm/_logs/2025-11-15T04_06_09_153Z-debug-0.log
[2025-11-15 09:36:09] ERROR: npm run build failed
[AutoRestart] Checking...
[2025-11-15 09:36:47] ----- 🚀 Aikya Autopilot START 2025-11-15 09:36:47 -----
[2025-11-15 09:36:47] RUN: git pull --rebase
error: cannot pull with rebase: You have unstaged changes.
error: Please commit or stash them.
[2025-11-15 09:36:50] ERROR: git pull --rebase failed
[2025-11-15 09:36:50] RUN: npm install --legacy-peer-deps
npm warn EBADENGINE Unsupported engine {
npm warn EBADENGINE   package: 'superstatic@9.2.0',
npm warn EBADENGINE   required: { node: '18 || 20 || 22' },
npm warn EBADENGINE   current: { node: 'v24.9.0', npm: '11.6.0' }
npm warn EBADENGINE }

up to date, audited 2350 packages in 12s

249 packages are looking for funding
  run `npm fund` for details

50 vulnerabilities (3 low, 23 moderate, 24 high)

To address issues that do not require attention, run:
  npm audit fix

To address all issues (including breaking changes), run:
  npm audit fix --force

Run `npm audit` for details.
[2025-11-15 09:37:03] RUN: npm run build
npm error Missing script: "build"
npm error
npm error To see a list of scripts, run:
npm error   npm run
npm error A complete log of this run can be found in: /data/data/com.termux/files/home/.npm/_logs/2025-11-15T04_07_04_144Z-debug-0.log
[2025-11-15 09:37:04] ERROR: npm run build failed
[AutoRestart] Checking...
[2025-11-15 09:37:47] ----- 🚀 Aikya Autopilot START 2025-11-15 09:37:47 -----
[2025-11-15 09:37:48] RUN: git pull --rebase
error: cannot pull with rebase: You have unstaged changes.
error: Please commit or stash them.
[2025-11-15 09:37:50] ERROR: git pull --rebase failed
[2025-11-15 09:37:50] RUN: npm install --legacy-peer-deps
npm warn EBADENGINE Unsupported engine {
npm warn EBADENGINE   package: 'superstatic@9.2.0',
npm warn EBADENGINE   required: { node: '18 || 20 || 22' },
npm warn EBADENGINE   current: { node: 'v24.9.0', npm: '11.6.0' }
npm warn EBADENGINE }

up to date, audited 2350 packages in 12s

249 packages are looking for funding
  run `npm fund` for details

50 vulnerabilities (3 low, 23 moderate, 24 high)

To address issues that do not require attention, run:
  npm audit fix

To address all issues (including breaking changes), run:
  npm audit fix --force

Run `npm audit` for details.
[2025-11-15 09:38:03] RUN: npm run build
npm error Missing script: "build"
npm error
npm error To see a list of scripts, run:
npm error   npm run
npm error A complete log of this run can be found in: /data/data/com.termux/files/home/.npm/_logs/2025-11-15T04_08_03_761Z-debug-0.log
[2025-11-15 09:38:04] ERROR: npm run build failed
[AutoRestart] Checking...
[2025-11-15 09:38:48] ----- 🚀 Aikya Autopilot START 2025-11-15 09:38:48 -----
[2025-11-15 09:38:48] RUN: git pull --rebase
error: cannot pull with rebase: You have unstaged changes.
error: Please commit or stash them.
[2025-11-15 09:38:51] ERROR: git pull --rebase failed
[2025-11-15 09:38:51] RUN: npm install --legacy-peer-deps
npm warn EBADENGINE Unsupported engine {
npm warn EBADENGINE   package: 'superstatic@9.2.0',
npm warn EBADENGINE   required: { node: '18 || 20 || 22' },
npm warn EBADENGINE   current: { node: 'v24.9.0', npm: '11.6.0' }
npm warn EBADENGINE }
[AutoRestart] Checking...

up to date, audited 2350 packages in 35s

249 packages are looking for funding
  run `npm fund` for details

50 vulnerabilities (3 low, 23 moderate, 24 high)

To address issues that do not require attention, run:
  npm audit fix

To address all issues (including breaking changes), run:
  npm audit fix --force

Run `npm audit` for details.
[2025-11-15 09:39:27] RUN: npm run build
npm error Missing script: "build"
npm error
npm error To see a list of scripts, run:
npm error   npm run
npm error A complete log of this run can be found in: /data/data/com.termux/files/home/.npm/_logs/2025-11-15T04_09_27_984Z-debug-0.log
[2025-11-15 09:39:28] ERROR: npm run build failed
[2025-11-15 09:39:48] ----- 🚀 Aikya Autopilot START 2025-11-15 09:39:48 -----
[2025-11-15 09:39:48] RUN: git pull --rebase
error: cannot pull with rebase: You have unstaged changes.
error: Please commit or stash them.
[2025-11-15 09:39:50] ERROR: git pull --rebase failed
[2025-11-15 09:39:50] RUN: npm install --legacy-peer-deps
npm warn EBADENGINE Unsupported engine {
npm warn EBADENGINE   package: 'superstatic@9.2.0',
npm warn EBADENGINE   required: { node: '18 || 20 || 22' },
npm warn EBADENGINE   current: { node: 'v24.9.0', npm: '11.6.0' }
npm warn EBADENGINE }

up to date, audited 2350 packages in 14s

249 packages are looking for funding
  run `npm fund` for details

50 vulnerabilities (3 low, 23 moderate, 24 high)

To address issues that do not require attention, run:
  npm audit fix

To address all issues (including breaking changes), run:
  npm audit fix --force

Run `npm audit` for details.
[2025-11-15 09:40:06] RUN: npm run build
npm error Missing script: "build"
npm error
npm error To see a list of scripts, run:
npm error   npm run
npm error A complete log of this run can be found in: /data/data/com.termux/files/home/.npm/_logs/2025-11-15T04_10_06_589Z-debug-0.log
[2025-11-15 09:40:06] ERROR: npm run build failed
[AutoRestart] Checking...
[2025-11-15 09:40:48] ----- 🚀 Aikya Autopilot START 2025-11-15 09:40:48 -----
[2025-11-15 09:40:48] RUN: git pull --rebase
error: cannot pull with rebase: You have unstaged changes.
error: Please commit or stash them.
[2025-11-15 09:40:50] ERROR: git pull --rebase failed
[2025-11-15 09:40:50] RUN: npm install --legacy-peer-deps
npm warn EBADENGINE Unsupported engine {
npm warn EBADENGINE   package: 'superstatic@9.2.0',
npm warn EBADENGINE   required: { node: '18 || 20 || 22' },
npm warn EBADENGINE   current: { node: 'v24.9.0', npm: '11.6.0' }
npm warn EBADENGINE }

up to date, audited 2350 packages in 12s

249 packages are looking for funding
  run `npm fund` for details

50 vulnerabilities (3 low, 23 moderate, 24 high)

To address issues that do not require attention, run:
  npm audit fix

To address all issues (including breaking changes), run:
  npm audit fix --force

Run `npm audit` for details.
[2025-11-15 09:41:03] RUN: npm run build
npm error Missing script: "build"
npm error
npm error To see a list of scripts, run:
npm error   npm run
npm error A complete log of this run can be found in: /data/data/com.termux/files/home/.npm/_logs/2025-11-15T04_11_03_363Z-debug-0.log
[2025-11-15 09:41:03] ERROR: npm run build failed
[AutoRestart] Checking...
[2025-11-15 09:41:48] ----- 🚀 Aikya Autopilot START 2025-11-15 09:41:48 -----
[2025-11-15 09:41:48] RUN: git pull --rebase
error: cannot pull with rebase: You have unstaged changes.
error: Please commit or stash them.
[2025-11-15 09:41:50] ERROR: git pull --rebase failed
[2025-11-15 09:41:50] RUN: npm install --legacy-peer-deps
npm warn EBADENGINE Unsupported engine {
npm warn EBADENGINE   package: 'superstatic@9.2.0',
npm warn EBADENGINE   required: { node: '18 || 20 || 22' },
npm warn EBADENGINE   current: { node: 'v24.9.0', npm: '11.6.0' }
npm warn EBADENGINE }
[AutoRestart] Checking...

up to date, audited 2350 packages in 24s

249 packages are looking for funding
  run `npm fund` for details

50 vulnerabilities (3 low, 23 moderate, 24 high)

To address issues that do not require attention, run:
  npm audit fix

To address all issues (including breaking changes), run:
  npm audit fix --force

Run `npm audit` for details.
[2025-11-15 09:42:15] RUN: npm run build
npm error Missing script: "build"
npm error
npm error To see a list of scripts, run:
npm error   npm run
npm error A complete log of this run can be found in: /data/data/com.termux/files/home/.npm/_logs/2025-11-15T04_12_16_652Z-debug-0.log
[2025-11-15 09:42:17] ERROR: npm run build failed
[2025-11-15 09:42:48] ----- 🚀 Aikya Autopilot START 2025-11-15 09:42:48 -----
[2025-11-15 09:42:48] RUN: git pull --rebase
error: cannot pull with rebase: You have unstaged changes.
error: Please commit or stash them.
[2025-11-15 09:42:51] ERROR: git pull --rebase failed
[2025-11-15 09:42:51] RUN: npm install --legacy-peer-deps
npm warn EBADENGINE Unsupported engine {
npm warn EBADENGINE   package: 'superstatic@9.2.0',
npm warn EBADENGINE   required: { node: '18 || 20 || 22' },
npm warn EBADENGINE   current: { node: 'v24.9.0', npm: '11.6.0' }
npm warn EBADENGINE }

up to date, audited 2350 packages in 12s

249 packages are looking for funding
  run `npm fund` for details

50 vulnerabilities (3 low, 23 moderate, 24 high)

To address issues that do not require attention, run:
  npm audit fix

To address all issues (including breaking changes), run:
  npm audit fix --force

Run `npm audit` for details.
[2025-11-15 09:43:04] RUN: npm run build
npm error Missing script: "build"
npm error
npm error To see a list of scripts, run:
npm error   npm run
npm error A complete log of this run can be found in: /data/data/com.termux/files/home/.npm/_logs/2025-11-15T04_13_04_899Z-debug-0.log
[2025-11-15 09:43:05] ERROR: npm run build failed
[AutoRestart] Checking...
[2025-11-15 09:43:48] ----- 🚀 Aikya Autopilot START 2025-11-15 09:43:48 -----
[2025-11-15 09:43:48] RUN: git pull --rebase
error: cannot pull with rebase: You have unstaged changes.
error: Please commit or stash them.
[2025-11-15 09:43:52] ERROR: git pull --rebase failed
[2025-11-15 09:43:52] RUN: npm install --legacy-peer-deps
npm warn EBADENGINE Unsupported engine {
npm warn EBADENGINE   package: 'superstatic@9.2.0',
npm warn EBADENGINE   required: { node: '18 || 20 || 22' },
npm warn EBADENGINE   current: { node: 'v24.9.0', npm: '11.6.0' }
npm warn EBADENGINE }

up to date, audited 2350 packages in 13s

249 packages are looking for funding
  run `npm fund` for details

50 vulnerabilities (3 low, 23 moderate, 24 high)

To address issues that do not require attention, run:
  npm audit fix

To address all issues (including breaking changes), run:
  npm audit fix --force

Run `npm audit` for details.
[2025-11-15 09:44:06] RUN: npm run build
npm error Missing script: "build"
npm error
npm error To see a list of scripts, run:
npm error   npm run
npm error A complete log of this run can be found in: /data/data/com.termux/files/home/.npm/_logs/2025-11-15T04_14_07_002Z-debug-0.log
[2025-11-15 09:44:07] ERROR: npm run build failed
[AutoRestart] Checking...
[2025-11-15 09:44:48] ----- 🚀 Aikya Autopilot START 2025-11-15 09:44:48 -----
[2025-11-15 09:44:48] RUN: git pull --rebase
error: cannot pull with rebase: You have unstaged changes.
error: Please commit or stash them.
[2025-11-15 09:44:52] ERROR: git pull --rebase failed
[2025-11-15 09:44:52] RUN: npm install --legacy-peer-deps
npm warn EBADENGINE Unsupported engine {
npm warn EBADENGINE   package: 'superstatic@9.2.0',
npm warn EBADENGINE   required: { node: '18 || 20 || 22' },
npm warn EBADENGINE   current: { node: 'v24.9.0', npm: '11.6.0' }
npm warn EBADENGINE }
[AutoRestart] Checking...

up to date, audited 2350 packages in 35s

249 packages are looking for funding
  run `npm fund` for details

50 vulnerabilities (3 low, 23 moderate, 24 high)

To address issues that do not require attention, run:
  npm audit fix

To address all issues (including breaking changes), run:
  npm audit fix --force

Run `npm audit` for details.
[2025-11-15 09:45:28] RUN: npm run build
npm error Missing script: "build"
npm error
npm error To see a list of scripts, run:
npm error   npm run
npm error A complete log of this run can be found in: /data/data/com.termux/files/home/.npm/_logs/2025-11-15T04_15_28_956Z-debug-0.log
[2025-11-15 09:45:29] ERROR: npm run build failed
[2025-11-15 09:45:48] ----- 🚀 Aikya Autopilot START 2025-11-15 09:45:48 -----
[2025-11-15 09:45:48] RUN: git pull --rebase
error: cannot pull with rebase: You have unstaged changes.
error: Please commit or stash them.
[2025-11-15 09:45:51] ERROR: git pull --rebase failed
[2025-11-15 09:45:51] RUN: npm install --legacy-peer-deps
npm warn EBADENGINE Unsupported engine {
npm warn EBADENGINE   package: 'superstatic@9.2.0',
npm warn EBADENGINE   required: { node: '18 || 20 || 22' },
npm warn EBADENGINE   current: { node: 'v24.9.0', npm: '11.6.0' }
npm warn EBADENGINE }

up to date, audited 2350 packages in 14s

249 packages are looking for funding
  run `npm fund` for details

50 vulnerabilities (3 low, 23 moderate, 24 high)

To address issues that do not require attention, run:
  npm audit fix

To address all issues (including breaking changes), run:
  npm audit fix --force

Run `npm audit` for details.
[2025-11-15 09:46:06] RUN: npm run build
npm error Missing script: "build"
npm error
npm error To see a list of scripts, run:
npm error   npm run
npm error A complete log of this run can be found in: /data/data/com.termux/files/home/.npm/_logs/2025-11-15T04_16_06_642Z-debug-0.log
[2025-11-15 09:46:06] ERROR: npm run build failed
[AutoRestart] Checking...
[2025-11-15 09:46:48] ----- 🚀 Aikya Autopilot START 2025-11-15 09:46:48 -----
[2025-11-15 09:46:48] RUN: git pull --rebase
error: cannot pull with rebase: You have unstaged changes.
error: Please commit or stash them.
[2025-11-15 09:46:51] ERROR: git pull --rebase failed
[2025-11-15 09:46:51] RUN: npm install --legacy-peer-deps
npm warn EBADENGINE Unsupported engine {
npm warn EBADENGINE   package: 'superstatic@9.2.0',
npm warn EBADENGINE   required: { node: '18 || 20 || 22' },
npm warn EBADENGINE   current: { node: 'v24.9.0', npm: '11.6.0' }
npm warn EBADENGINE }

up to date, audited 2350 packages in 13s

249 packages are looking for funding
  run `npm fund` for details

50 vulnerabilities (3 low, 23 moderate, 24 high)

To address issues that do not require attention, run:
  npm audit fix

To address all issues (including breaking changes), run:
  npm audit fix --force

Run `npm audit` for details.
[2025-11-15 09:47:04] RUN: npm run build
npm error Missing script: "build"
npm error
npm error To see a list of scripts, run:
npm error   npm run
npm error A complete log of this run can be found in: /data/data/com.termux/files/home/.npm/_logs/2025-11-15T04_17_05_249Z-debug-0.log
[2025-11-15 09:47:05] ERROR: npm run build failed
[AutoRestart] Checking...
[2025-11-15 09:47:49] ----- 🚀 Aikya Autopilot START 2025-11-15 09:47:49 -----
[2025-11-15 09:47:49] RUN: git pull --rebase
error: cannot pull with rebase: You have unstaged changes.
error: Please commit or stash them.
[2025-11-15 09:47:51] ERROR: git pull --rebase failed
[2025-11-15 09:47:51] RUN: npm install --legacy-peer-deps
npm warn EBADENGINE Unsupported engine {
npm warn EBADENGINE   package: 'superstatic@9.2.0',
npm warn EBADENGINE   required: { node: '18 || 20 || 22' },
npm warn EBADENGINE   current: { node: 'v24.9.0', npm: '11.6.0' }
npm warn EBADENGINE }

up to date, audited 2350 packages in 14s

249 packages are looking for funding
  run `npm fund` for details

50 vulnerabilities (3 low, 23 moderate, 24 high)

To address issues that do not require attention, run:
  npm audit fix

To address all issues (including breaking changes), run:
  npm audit fix --force

Run `npm audit` for details.
[2025-11-15 09:48:06] RUN: npm run build
npm error Missing script: "build"
npm error
npm error To see a list of scripts, run:
npm error   npm run
npm error A complete log of this run can be found in: /data/data/com.termux/files/home/.npm/_logs/2025-11-15T04_18_06_948Z-debug-0.log
[2025-11-15 09:48:07] ERROR: npm run build failed
[AutoRestart] Checking...
[2025-11-15 09:48:49] ----- 🚀 Aikya Autopilot START 2025-11-15 09:48:49 -----
[2025-11-15 09:48:49] RUN: git pull --rebase
error: cannot pull with rebase: You have unstaged changes.
error: Please commit or stash them.
[2025-11-15 09:48:50] ERROR: git pull --rebase failed
[2025-11-15 09:48:50] RUN: npm install --legacy-peer-deps
npm warn EBADENGINE Unsupported engine {
npm warn EBADENGINE   package: 'superstatic@9.2.0',
npm warn EBADENGINE   required: { node: '18 || 20 || 22' },
npm warn EBADENGINE   current: { node: 'v24.9.0', npm: '11.6.0' }
npm warn EBADENGINE }

up to date, audited 2350 packages in 12s

249 packages are looking for funding
  run `npm fund` for details

50 vulnerabilities (3 low, 23 moderate, 24 high)

To address issues that do not require attention, run:
  npm audit fix

To address all issues (including breaking changes), run:
  npm audit fix --force

Run `npm audit` for details.
[2025-11-15 09:49:03] RUN: npm run build
npm error Missing script: "build"
npm error
npm error To see a list of scripts, run:
npm error   npm run
npm error A complete log of this run can be found in: /data/data/com.termux/files/home/.npm/_logs/2025-11-15T04_19_03_600Z-debug-0.log
[2025-11-15 09:49:03] ERROR: npm run build failed
[AutoRestart] Checking...
[2025-11-15 09:49:49] ----- 🚀 Aikya Autopilot START 2025-11-15 09:49:49 -----
[2025-11-15 09:49:49] RUN: git pull --rebase
error: cannot pull with rebase: You have unstaged changes.
error: Please commit or stash them.
[2025-11-15 09:49:51] ERROR: git pull --rebase failed
[2025-11-15 09:49:51] RUN: npm install --legacy-peer-deps
npm warn EBADENGINE Unsupported engine {
npm warn EBADENGINE   package: 'superstatic@9.2.0',
npm warn EBADENGINE   required: { node: '18 || 20 || 22' },
npm warn EBADENGINE   current: { node: 'v24.9.0', npm: '11.6.0' }
npm warn EBADENGINE }

up to date, audited 2350 packages in 13s

249 packages are looking for funding
  run `npm fund` for details

50 vulnerabilities (3 low, 23 moderate, 24 high)

To address issues that do not require attention, run:
  npm audit fix

To address all issues (including breaking changes), run:
  npm audit fix --force

Run `npm audit` for details.
[2025-11-15 09:50:05] RUN: npm run build
npm error Missing script: "build"
npm error
npm error To see a list of scripts, run:
npm error   npm run
npm error A complete log of this run can be found in: /data/data/com.termux/files/home/.npm/_logs/2025-11-15T04_20_06_041Z-debug-0.log
[2025-11-15 09:50:06] ERROR: npm run build failed
[AutoRestart] Checking...
[2025-11-15 09:50:49] ----- 🚀 Aikya Autopilot START 2025-11-15 09:50:49 -----
[2025-11-15 09:50:49] RUN: git pull --rebase
error: cannot pull with rebase: You have unstaged changes.
error: Please commit or stash them.
[2025-11-15 09:50:49] ERROR: git pull --rebase failed
[2025-11-15 09:50:49] RUN: npm install --legacy-peer-deps
npm warn EBADENGINE Unsupported engine {
npm warn EBADENGINE   package: 'superstatic@9.2.0',
npm warn EBADENGINE   required: { node: '18 || 20 || 22' },
npm warn EBADENGINE   current: { node: 'v24.9.0', npm: '11.6.0' }
npm warn EBADENGINE }
[AutoRestart] Checking...

up to date, audited 2350 packages in 28s

249 packages are looking for funding
  run `npm fund` for details

50 vulnerabilities (3 low, 23 moderate, 24 high)

To address issues that do not require attention, run:
  npm audit fix

To address all issues (including breaking changes), run:
  npm audit fix --force

Run `npm audit` for details.
[2025-11-15 09:51:18] RUN: npm run build
npm error Missing script: "build"
npm error
npm error To see a list of scripts, run:
npm error   npm run
npm error A complete log of this run can be found in: /data/data/com.termux/files/home/.npm/_logs/2025-11-15T04_21_19_376Z-debug-0.log
[2025-11-15 09:51:19] ERROR: npm run build failed
[2025-11-15 09:51:49] ----- 🚀 Aikya Autopilot START 2025-11-15 09:51:49 -----
[2025-11-15 09:51:49] RUN: git pull --rebase
error: cannot pull with rebase: You have unstaged changes.
error: Please commit or stash them.
[2025-11-15 09:51:52] ERROR: git pull --rebase failed
[2025-11-15 09:51:52] RUN: npm install --legacy-peer-deps
npm warn EBADENGINE Unsupported engine {
npm warn EBADENGINE   package: 'superstatic@9.2.0',
npm warn EBADENGINE   required: { node: '18 || 20 || 22' },
npm warn EBADENGINE   current: { node: 'v24.9.0', npm: '11.6.0' }
npm warn EBADENGINE }

up to date, audited 2350 packages in 13s

249 packages are looking for funding
  run `npm fund` for details

50 vulnerabilities (3 low, 23 moderate, 24 high)

To address issues that do not require attention, run:
  npm audit fix

To address all issues (including breaking changes), run:
  npm audit fix --force

Run `npm audit` for details.
[2025-11-15 09:52:05] RUN: npm run build
npm error Missing script: "build"
npm error
npm error To see a list of scripts, run:
npm error   npm run
npm error A complete log of this run can be found in: /data/data/com.termux/files/home/.npm/_logs/2025-11-15T04_22_05_996Z-debug-0.log
[2025-11-15 09:52:06] ERROR: npm run build failed
[AutoRestart] Checking...
[2025-11-15 09:52:49] ----- 🚀 Aikya Autopilot START 2025-11-15 09:52:49 -----
[2025-11-15 09:52:49] RUN: git pull --rebase
error: cannot pull with rebase: You have unstaged changes.
error: Please commit or stash them.
[2025-11-15 09:52:52] ERROR: git pull --rebase failed
[2025-11-15 09:52:52] RUN: npm install --legacy-peer-deps
npm warn EBADENGINE Unsupported engine {
npm warn EBADENGINE   package: 'superstatic@9.2.0',
npm warn EBADENGINE   required: { node: '18 || 20 || 22' },
npm warn EBADENGINE   current: { node: 'v24.9.0', npm: '11.6.0' }
npm warn EBADENGINE }

up to date, audited 2350 packages in 12s

249 packages are looking for funding
  run `npm fund` for details

50 vulnerabilities (3 low, 23 moderate, 24 high)

To address issues that do not require attention, run:
  npm audit fix

To address all issues (including breaking changes), run:
  npm audit fix --force

Run `npm audit` for details.
[2025-11-15 09:53:05] RUN: npm run build
npm error Missing script: "build"
npm error
npm error To see a list of scripts, run:
npm error   npm run
npm error A complete log of this run can be found in: /data/data/com.termux/files/home/.npm/_logs/2025-11-15T04_23_05_882Z-debug-0.log
[2025-11-15 09:53:06] ERROR: npm run build failed
[AutoRestart] Checking...
[2025-11-15 09:53:49] ----- 🚀 Aikya Autopilot START 2025-11-15 09:53:49 -----
[2025-11-15 09:53:49] RUN: git pull --rebase
error: cannot pull with rebase: You have unstaged changes.
error: Please commit or stash them.
[2025-11-15 09:53:52] ERROR: git pull --rebase failed
[2025-11-15 09:53:52] RUN: npm install --legacy-peer-deps
npm warn EBADENGINE Unsupported engine {
npm warn EBADENGINE   package: 'superstatic@9.2.0',
npm warn EBADENGINE   required: { node: '18 || 20 || 22' },
npm warn EBADENGINE   current: { node: 'v24.9.0', npm: '11.6.0' }
npm warn EBADENGINE }

up to date, audited 2350 packages in 13s

249 packages are looking for funding
  run `npm fund` for details

50 vulnerabilities (3 low, 23 moderate, 24 high)

To address issues that do not require attention, run:
  npm audit fix

To address all issues (including breaking changes), run:
  npm audit fix --force

Run `npm audit` for details.
[2025-11-15 09:54:05] RUN: npm run build
npm error Missing script: "build"
npm error
npm error To see a list of scripts, run:
npm error   npm run
npm error A complete log of this run can be found in: /data/data/com.termux/files/home/.npm/_logs/2025-11-15T04_24_05_739Z-debug-0.log
[2025-11-15 09:54:06] ERROR: npm run build failed
[AutoRestart] Checking...
[2025-11-15 09:54:50] ----- 🚀 Aikya Autopilot START 2025-11-15 09:54:50 -----
[2025-11-15 09:54:50] RUN: git pull --rebase
error: cannot pull with rebase: You have unstaged changes.
error: Please commit or stash them.
[2025-11-15 09:54:52] ERROR: git pull --rebase failed
[2025-11-15 09:54:52] RUN: npm install --legacy-peer-deps
npm warn EBADENGINE Unsupported engine {
npm warn EBADENGINE   package: 'superstatic@9.2.0',
npm warn EBADENGINE   required: { node: '18 || 20 || 22' },
npm warn EBADENGINE   current: { node: 'v24.9.0', npm: '11.6.0' }
npm warn EBADENGINE }

up to date, audited 2350 packages in 13s

249 packages are looking for funding
  run `npm fund` for details

50 vulnerabilities (3 low, 23 moderate, 24 high)

To address issues that do not require attention, run:
  npm audit fix

To address all issues (including breaking changes), run:
  npm audit fix --force

Run `npm audit` for details.
[2025-11-15 09:55:06] RUN: npm run build
npm error Missing script: "build"
npm error
npm error To see a list of scripts, run:
npm error   npm run
npm error A complete log of this run can be found in: /data/data/com.termux/files/home/.npm/_logs/2025-11-15T04_25_06_328Z-debug-0.log
[2025-11-15 09:55:06] ERROR: npm run build failed
[AutoRestart] Checking...
[2025-11-15 09:55:50] ----- 🚀 Aikya Autopilot START 2025-11-15 09:55:50 -----
[2025-11-15 09:55:50] RUN: git pull --rebase
error: cannot pull with rebase: You have unstaged changes.
error: Please commit or stash them.
[2025-11-15 09:55:50] ERROR: git pull --rebase failed
[2025-11-15 09:55:50] RUN: npm install --legacy-peer-deps
npm warn EBADENGINE Unsupported engine {
npm warn EBADENGINE   package: 'superstatic@9.2.0',
npm warn EBADENGINE   required: { node: '18 || 20 || 22' },
npm warn EBADENGINE   current: { node: 'v24.9.0', npm: '11.6.0' }
npm warn EBADENGINE }

up to date, audited 2350 packages in 11s

249 packages are looking for funding
  run `npm fund` for details

50 vulnerabilities (3 low, 23 moderate, 24 high)

To address issues that do not require attention, run:
  npm audit fix

To address all issues (including breaking changes), run:
  npm audit fix --force

Run `npm audit` for details.
[2025-11-15 09:56:02] RUN: npm run build
npm error Missing script: "build"
npm error
npm error To see a list of scripts, run:
npm error   npm run
npm error A complete log of this run can be found in: /data/data/com.termux/files/home/.npm/_logs/2025-11-15T04_26_02_775Z-debug-0.log
[2025-11-15 09:56:03] ERROR: npm run build failed
[AutoRestart] Checking...
[2025-11-15 09:56:50] ----- 🚀 Aikya Autopilot START 2025-11-15 09:56:50 -----
[2025-11-15 09:56:50] RUN: git pull --rebase
error: cannot pull with rebase: You have unstaged changes.
error: Please commit or stash them.
[2025-11-15 09:56:50] ERROR: git pull --rebase failed
[2025-11-15 09:56:50] RUN: npm install --legacy-peer-deps
npm warn EBADENGINE Unsupported engine {
npm warn EBADENGINE   package: 'superstatic@9.2.0',
npm warn EBADENGINE   required: { node: '18 || 20 || 22' },
npm warn EBADENGINE   current: { node: 'v24.9.0', npm: '11.6.0' }
npm warn EBADENGINE }
[AutoRestart] Checking...

up to date, audited 2350 packages in 26s

249 packages are looking for funding
  run `npm fund` for details

50 vulnerabilities (3 low, 23 moderate, 24 high)

To address issues that do not require attention, run:
  npm audit fix

To address all issues (including breaking changes), run:
  npm audit fix --force

Run `npm audit` for details.
[2025-11-15 09:57:17] RUN: npm run build
npm error Missing script: "build"
npm error
npm error To see a list of scripts, run:
npm error   npm run
npm error A complete log of this run can be found in: /data/data/com.termux/files/home/.npm/_logs/2025-11-15T04_27_17_975Z-debug-0.log
[2025-11-15 09:57:18] ERROR: npm run build failed
[2025-11-15 09:57:50] ----- 🚀 Aikya Autopilot START 2025-11-15 09:57:50 -----
[2025-11-15 09:57:50] RUN: git pull --rebase
error: cannot pull with rebase: You have unstaged changes.
error: Please commit or stash them.
[2025-11-15 09:57:51] ERROR: git pull --rebase failed
[2025-11-15 09:57:51] RUN: npm install --legacy-peer-deps
npm warn EBADENGINE Unsupported engine {
npm warn EBADENGINE   package: 'superstatic@9.2.0',
npm warn EBADENGINE   required: { node: '18 || 20 || 22' },
npm warn EBADENGINE   current: { node: 'v24.9.0', npm: '11.6.0' }
npm warn EBADENGINE }

up to date, audited 2350 packages in 12s

249 packages are looking for funding
  run `npm fund` for details

50 vulnerabilities (3 low, 23 moderate, 24 high)

To address issues that do not require attention, run:
  npm audit fix

To address all issues (including breaking changes), run:
  npm audit fix --force

Run `npm audit` for details.
[2025-11-15 09:58:04] RUN: npm run build
npm error Missing script: "build"
npm error
npm error To see a list of scripts, run:
npm error   npm run
npm error A complete log of this run can be found in: /data/data/com.termux/files/home/.npm/_logs/2025-11-15T04_28_04_876Z-debug-0.log
[2025-11-15 09:58:05] ERROR: npm run build failed
[AutoRestart] Checking...
[2025-11-15 09:58:50] ----- 🚀 Aikya Autopilot START 2025-11-15 09:58:50 -----
[2025-11-15 09:58:50] RUN: git pull --rebase
error: cannot pull with rebase: You have unstaged changes.
error: Please commit or stash them.
[2025-11-15 09:58:51] ERROR: git pull --rebase failed
[2025-11-15 09:58:51] RUN: npm install --legacy-peer-deps
npm warn EBADENGINE Unsupported engine {
npm warn EBADENGINE   package: 'superstatic@9.2.0',
npm warn EBADENGINE   required: { node: '18 || 20 || 22' },
npm warn EBADENGINE   current: { node: 'v24.9.0', npm: '11.6.0' }
npm warn EBADENGINE }

up to date, audited 2350 packages in 11s

249 packages are looking for funding
  run `npm fund` for details

50 vulnerabilities (3 low, 23 moderate, 24 high)

To address issues that do not require attention, run:
  npm audit fix

To address all issues (including breaking changes), run:
  npm audit fix --force

Run `npm audit` for details.
[2025-11-15 09:59:03] RUN: npm run build
npm error Missing script: "build"
npm error
npm error To see a list of scripts, run:
npm error   npm run
npm error A complete log of this run can be found in: /data/data/com.termux/files/home/.npm/_logs/2025-11-15T04_29_03_996Z-debug-0.log
[2025-11-15 09:59:04] ERROR: npm run build failed
[AutoRestart] Checking...
[2025-11-15 09:59:50] ----- 🚀 Aikya Autopilot START 2025-11-15 09:59:50 -----
[2025-11-15 09:59:50] RUN: git pull --rebase
error: cannot pull with rebase: You have unstaged changes.
error: Please commit or stash them.
[2025-11-15 09:59:52] ERROR: git pull --rebase failed
[2025-11-15 09:59:52] RUN: npm install --legacy-peer-deps
npm warn EBADENGINE Unsupported engine {
npm warn EBADENGINE   package: 'superstatic@9.2.0',
npm warn EBADENGINE   required: { node: '18 || 20 || 22' },
npm warn EBADENGINE   current: { node: 'v24.9.0', npm: '11.6.0' }
npm warn EBADENGINE }

up to date, audited 2350 packages in 15s

249 packages are looking for funding
  run `npm fund` for details

50 vulnerabilities (3 low, 23 moderate, 24 high)

To address issues that do not require attention, run:
  npm audit fix

To address all issues (including breaking changes), run:
  npm audit fix --force

Run `npm audit` for details.
[2025-11-15 10:00:08] RUN: npm run build
npm error Missing script: "build"
npm error
npm error To see a list of scripts, run:
npm error   npm run
npm error A complete log of this run can be found in: /data/data/com.termux/files/home/.npm/_logs/2025-11-15T04_30_08_913Z-debug-0.log
[2025-11-15 10:00:09] ERROR: npm run build failed
[AutoRestart] Checking...
[2025-11-15 10:00:50] ----- 🚀 Aikya Autopilot START 2025-11-15 10:00:50 -----
[2025-11-15 10:00:50] RUN: git pull --rebase
error: cannot pull with rebase: You have unstaged changes.
error: Please commit or stash them.
[2025-11-15 10:00:51] ERROR: git pull --rebase failed
[2025-11-15 10:00:51] RUN: npm install --legacy-peer-deps
npm warn EBADENGINE Unsupported engine {
npm warn EBADENGINE   package: 'superstatic@9.2.0',
npm warn EBADENGINE   required: { node: '18 || 20 || 22' },
npm warn EBADENGINE   current: { node: 'v24.9.0', npm: '11.6.0' }
npm warn EBADENGINE }

up to date, audited 2350 packages in 12s

249 packages are looking for funding
  run `npm fund` for details

50 vulnerabilities (3 low, 23 moderate, 24 high)

To address issues that do not require attention, run:
  npm audit fix

To address all issues (including breaking changes), run:
  npm audit fix --force

Run `npm audit` for details.
[2025-11-15 10:01:03] RUN: npm run build
npm error Missing script: "build"
npm error
npm error To see a list of scripts, run:
npm error   npm run
npm error A complete log of this run can be found in: /data/data/com.termux/files/home/.npm/_logs/2025-11-15T04_31_04_297Z-debug-0.log
[2025-11-15 10:01:04] ERROR: npm run build failed
[AutoRestart] Checking...
[2025-11-15 10:01:50] ----- 🚀 Aikya Autopilot START 2025-11-15 10:01:50 -----
[2025-11-15 10:01:50] RUN: git pull --rebase
error: cannot pull with rebase: You have unstaged changes.
error: Please commit or stash them.
[2025-11-15 10:01:53] ERROR: git pull --rebase failed
[2025-11-15 10:01:53] RUN: npm install --legacy-peer-deps
npm warn EBADENGINE Unsupported engine {
npm warn EBADENGINE   package: 'superstatic@9.2.0',
npm warn EBADENGINE   required: { node: '18 || 20 || 22' },
npm warn EBADENGINE   current: { node: 'v24.9.0', npm: '11.6.0' }
npm warn EBADENGINE }
[AutoRestart] Checking...

up to date, audited 2350 packages in 29s

249 packages are looking for funding
  run `npm fund` for details

50 vulnerabilities (3 low, 23 moderate, 24 high)

To address issues that do not require attention, run:
  npm audit fix

To address all issues (including breaking changes), run:
  npm audit fix --force

Run `npm audit` for details.
[2025-11-15 10:02:23] RUN: npm run build
npm error Missing script: "build"
npm error
npm error To see a list of scripts, run:
npm error   npm run
npm error A complete log of this run can be found in: /data/data/com.termux/files/home/.npm/_logs/2025-11-15T04_32_23_818Z-debug-0.log
[2025-11-15 10:02:24] ERROR: npm run build failed
[2025-11-15 10:02:51] ----- 🚀 Aikya Autopilot START 2025-11-15 10:02:51 -----
[2025-11-15 10:02:51] RUN: git pull --rebase
error: cannot pull with rebase: You have unstaged changes.
error: Please commit or stash them.
[2025-11-15 10:02:53] ERROR: git pull --rebase failed
[2025-11-15 10:02:53] RUN: npm install --legacy-peer-deps
npm warn EBADENGINE Unsupported engine {
npm warn EBADENGINE   package: 'superstatic@9.2.0',
npm warn EBADENGINE   required: { node: '18 || 20 || 22' },
npm warn EBADENGINE   current: { node: 'v24.9.0', npm: '11.6.0' }
npm warn EBADENGINE }

up to date, audited 2350 packages in 14s

249 packages are looking for funding
  run `npm fund` for details

50 vulnerabilities (3 low, 23 moderate, 24 high)

To address issues that do not require attention, run:
  npm audit fix

To address all issues (including breaking changes), run:
  npm audit fix --force

Run `npm audit` for details.
[2025-11-15 10:03:08] RUN: npm run build
npm error Missing script: "build"
npm error
npm error To see a list of scripts, run:
npm error   npm run
npm error A complete log of this run can be found in: /data/data/com.termux/files/home/.npm/_logs/2025-11-15T04_33_09_119Z-debug-0.log
[2025-11-15 10:03:09] ERROR: npm run build failed
[AutoRestart] Checking...
[2025-11-15 10:03:51] ----- 🚀 Aikya Autopilot START 2025-11-15 10:03:51 -----
[2025-11-15 10:03:51] RUN: git pull --rebase
error: cannot pull with rebase: You have unstaged changes.
error: Please commit or stash them.
[2025-11-15 10:03:52] ERROR: git pull --rebase failed
[2025-11-15 10:03:52] RUN: npm install --legacy-peer-deps
npm warn EBADENGINE Unsupported engine {
npm warn EBADENGINE   package: 'superstatic@9.2.0',
npm warn EBADENGINE   required: { node: '18 || 20 || 22' },
npm warn EBADENGINE   current: { node: 'v24.9.0', npm: '11.6.0' }
npm warn EBADENGINE }

up to date, audited 2350 packages in 12s

249 packages are looking for funding
  run `npm fund` for details

50 vulnerabilities (3 low, 23 moderate, 24 high)

To address issues that do not require attention, run:
  npm audit fix

To address all issues (including breaking changes), run:
  npm audit fix --force

Run `npm audit` for details.
[2025-11-15 10:04:05] RUN: npm run build
npm error Missing script: "build"
npm error
npm error To see a list of scripts, run:
npm error   npm run
npm error A complete log of this run can be found in: /data/data/com.termux/files/home/.npm/_logs/2025-11-15T04_34_05_578Z-debug-0.log
[2025-11-15 10:04:05] ERROR: npm run build failed
[AutoRestart] Checking...
[2025-11-15 10:04:51] ----- 🚀 Aikya Autopilot START 2025-11-15 10:04:51 -----
[2025-11-15 10:04:51] RUN: git pull --rebase
error: cannot pull with rebase: You have unstaged changes.
error: Please commit or stash them.
[2025-11-15 10:04:53] ERROR: git pull --rebase failed
[2025-11-15 10:04:53] RUN: npm install --legacy-peer-deps
npm warn EBADENGINE Unsupported engine {
npm warn EBADENGINE   package: 'superstatic@9.2.0',
npm warn EBADENGINE   required: { node: '18 || 20 || 22' },
npm warn EBADENGINE   current: { node: 'v24.9.0', npm: '11.6.0' }
npm warn EBADENGINE }

up to date, audited 2350 packages in 13s

249 packages are looking for funding
  run `npm fund` for details

50 vulnerabilities (3 low, 23 moderate, 24 high)

To address issues that do not require attention, run:
  npm audit fix

To address all issues (including breaking changes), run:
  npm audit fix --force

Run `npm audit` for details.
[2025-11-15 10:05:07] RUN: npm run build
npm error Missing script: "build"
npm error
npm error To see a list of scripts, run:
npm error   npm run
npm error A complete log of this run can be found in: /data/data/com.termux/files/home/.npm/_logs/2025-11-15T04_35_08_292Z-debug-0.log
[2025-11-15 10:05:08] ERROR: npm run build failed
[AutoRestart] Checking...
[2025-11-15 10:05:51] ----- 🚀 Aikya Autopilot START 2025-11-15 10:05:51 -----
[2025-11-15 10:05:51] RUN: git pull --rebase
error: cannot pull with rebase: You have unstaged changes.
error: Please commit or stash them.
[2025-11-15 10:05:51] ERROR: git pull --rebase failed
[2025-11-15 10:05:51] RUN: npm install --legacy-peer-deps
npm warn EBADENGINE Unsupported engine {
npm warn EBADENGINE   package: 'superstatic@9.2.0',
npm warn EBADENGINE   required: { node: '18 || 20 || 22' },
npm warn EBADENGINE   current: { node: 'v24.9.0', npm: '11.6.0' }
npm warn EBADENGINE }

up to date, audited 2350 packages in 11s

249 packages are looking for funding
  run `npm fund` for details

50 vulnerabilities (3 low, 23 moderate, 24 high)

To address issues that do not require attention, run:
  npm audit fix

To address all issues (including breaking changes), run:
  npm audit fix --force

Run `npm audit` for details.
[2025-11-15 10:06:03] RUN: npm run build
npm error Missing script: "build"
npm error
npm error To see a list of scripts, run:
npm error   npm run
npm error A complete log of this run can be found in: /data/data/com.termux/files/home/.npm/_logs/2025-11-15T04_36_04_178Z-debug-0.log
[2025-11-15 10:06:04] ERROR: npm run build failed
[AutoRestart] Checking...
[2025-11-15 10:06:51] ----- 🚀 Aikya Autopilot START 2025-11-15 10:06:51 -----
[2025-11-15 10:06:51] RUN: git pull --rebase
error: cannot pull with rebase: You have unstaged changes.
error: Please commit or stash them.
[2025-11-15 10:06:51] ERROR: git pull --rebase failed
[2025-11-15 10:06:51] RUN: npm install --legacy-peer-deps
npm warn EBADENGINE Unsupported engine {
npm warn EBADENGINE   package: 'superstatic@9.2.0',
npm warn EBADENGINE   required: { node: '18 || 20 || 22' },
npm warn EBADENGINE   current: { node: 'v24.9.0', npm: '11.6.0' }
npm warn EBADENGINE }

up to date, audited 2350 packages in 13s

249 packages are looking for funding
  run `npm fund` for details

50 vulnerabilities (3 low, 23 moderate, 24 high)

To address issues that do not require attention, run:
  npm audit fix

To address all issues (including breaking changes), run:
  npm audit fix --force

Run `npm audit` for details.
[2025-11-15 10:07:05] RUN: npm run build
npm error Missing script: "build"
npm error
npm error To see a list of scripts, run:
npm error   npm run
npm error A complete log of this run can be found in: /data/data/com.termux/files/home/.npm/_logs/2025-11-15T04_37_06_165Z-debug-0.log
[2025-11-15 10:07:06] ERROR: npm run build failed
[AutoRestart] Checking...
[2025-11-15 10:07:51] ----- 🚀 Aikya Autopilot START 2025-11-15 10:07:51 -----
[2025-11-15 10:07:51] RUN: git pull --rebase
error: cannot pull with rebase: You have unstaged changes.
error: Please commit or stash them.
[2025-11-15 10:07:54] ERROR: git pull --rebase failed
[2025-11-15 10:07:54] RUN: npm install --legacy-peer-deps
npm warn EBADENGINE Unsupported engine {
npm warn EBADENGINE   package: 'superstatic@9.2.0',
npm warn EBADENGINE   required: { node: '18 || 20 || 22' },
npm warn EBADENGINE   current: { node: 'v24.9.0', npm: '11.6.0' }
npm warn EBADENGINE }
[AutoRestart] Checking...

up to date, audited 2350 packages in 28s

249 packages are looking for funding
  run `npm fund` for details

50 vulnerabilities (3 low, 23 moderate, 24 high)

To address issues that do not require attention, run:
  npm audit fix

To address all issues (including breaking changes), run:
  npm audit fix --force

Run `npm audit` for details.
[2025-11-15 10:08:23] RUN: npm run build
npm error Missing script: "build"
npm error
npm error To see a list of scripts, run:
npm error   npm run
npm error A complete log of this run can be found in: /data/data/com.termux/files/home/.npm/_logs/2025-11-15T04_38_23_891Z-debug-0.log
[2025-11-15 10:08:24] ERROR: npm run build failed
[2025-11-15 10:08:51] ----- 🚀 Aikya Autopilot START 2025-11-15 10:08:51 -----
[2025-11-15 10:08:51] RUN: git pull --rebase
error: cannot pull with rebase: You have unstaged changes.
error: Please commit or stash them.
[2025-11-15 10:08:53] ERROR: git pull --rebase failed
[2025-11-15 10:08:53] RUN: npm install --legacy-peer-deps
npm warn EBADENGINE Unsupported engine {
npm warn EBADENGINE   package: 'superstatic@9.2.0',
npm warn EBADENGINE   required: { node: '18 || 20 || 22' },
npm warn EBADENGINE   current: { node: 'v24.9.0', npm: '11.6.0' }
npm warn EBADENGINE }

up to date, audited 2350 packages in 13s

249 packages are looking for funding
  run `npm fund` for details

50 vulnerabilities (3 low, 23 moderate, 24 high)

To address issues that do not require attention, run:
  npm audit fix

To address all issues (including breaking changes), run:
  npm audit fix --force

Run `npm audit` for details.
[2025-11-15 10:09:06] RUN: npm run build
npm error Missing script: "build"
npm error
npm error To see a list of scripts, run:
npm error   npm run
npm error A complete log of this run can be found in: /data/data/com.termux/files/home/.npm/_logs/2025-11-15T04_39_06_979Z-debug-0.log
[2025-11-15 10:09:07] ERROR: npm run build failed
[AutoRestart] Checking...
[2025-11-15 10:09:51] ----- 🚀 Aikya Autopilot START 2025-11-15 10:09:51 -----
[2025-11-15 10:09:51] RUN: git pull --rebase
error: cannot pull with rebase: You have unstaged changes.
error: Please commit or stash them.
[2025-11-15 10:09:52] ERROR: git pull --rebase failed
[2025-11-15 10:09:52] RUN: npm install --legacy-peer-deps
npm warn EBADENGINE Unsupported engine {
npm warn EBADENGINE   package: 'superstatic@9.2.0',
npm warn EBADENGINE   required: { node: '18 || 20 || 22' },
npm warn EBADENGINE   current: { node: 'v24.9.0', npm: '11.6.0' }
npm warn EBADENGINE }

up to date, audited 2350 packages in 11s

249 packages are looking for funding
  run `npm fund` for details

50 vulnerabilities (3 low, 23 moderate, 24 high)

To address issues that do not require attention, run:
  npm audit fix

To address all issues (including breaking changes), run:
  npm audit fix --force

Run `npm audit` for details.
[2025-11-15 10:10:03] RUN: npm run build
npm error Missing script: "build"
npm error
npm error To see a list of scripts, run:
npm error   npm run
npm error A complete log of this run can be found in: /data/data/com.termux/files/home/.npm/_logs/2025-11-15T04_40_04_162Z-debug-0.log
[2025-11-15 10:10:04] ERROR: npm run build failed
[AutoRestart] Checking...
[2025-11-15 10:10:52] ----- 🚀 Aikya Autopilot START 2025-11-15 10:10:51 -----
[2025-11-15 10:10:52] RUN: git pull --rebase
error: cannot pull with rebase: You have unstaged changes.
error: Please commit or stash them.
[2025-11-15 10:10:52] ERROR: git pull --rebase failed
[2025-11-15 10:10:52] RUN: npm install --legacy-peer-deps
npm warn EBADENGINE Unsupported engine {
npm warn EBADENGINE   package: 'superstatic@9.2.0',
npm warn EBADENGINE   required: { node: '18 || 20 || 22' },
npm warn EBADENGINE   current: { node: 'v24.9.0', npm: '11.6.0' }
npm warn EBADENGINE }

up to date, audited 2350 packages in 11s

249 packages are looking for funding
  run `npm fund` for details

50 vulnerabilities (3 low, 23 moderate, 24 high)

To address issues that do not require attention, run:
  npm audit fix

To address all issues (including breaking changes), run:
  npm audit fix --force

Run `npm audit` for details.
[2025-11-15 10:11:03] RUN: npm run build
npm error Missing script: "build"
npm error
npm error To see a list of scripts, run:
npm error   npm run
npm error A complete log of this run can be found in: /data/data/com.termux/files/home/.npm/_logs/2025-11-15T04_41_04_109Z-debug-0.log
[2025-11-15 10:11:04] ERROR: npm run build failed
[AutoRestart] Checking...
[2025-11-15 10:11:52] ----- 🚀 Aikya Autopilot START 2025-11-15 10:11:52 -----
[2025-11-15 10:11:52] RUN: git pull --rebase
error: cannot pull with rebase: You have unstaged changes.
error: Please commit or stash them.
[2025-11-15 10:11:56] ERROR: git pull --rebase failed
[2025-11-15 10:11:56] RUN: npm install --legacy-peer-deps
npm warn EBADENGINE Unsupported engine {
npm warn EBADENGINE   package: 'superstatic@9.2.0',
npm warn EBADENGINE   required: { node: '18 || 20 || 22' },
npm warn EBADENGINE   current: { node: 'v24.9.0', npm: '11.6.0' }
npm warn EBADENGINE }
[AutoRestart] Checking...

up to date, audited 2350 packages in 28s

249 packages are looking for funding
  run `npm fund` for details

50 vulnerabilities (3 low, 23 moderate, 24 high)

To address issues that do not require attention, run:
  npm audit fix

To address all issues (including breaking changes), run:
  npm audit fix --force

Run `npm audit` for details.
[2025-11-15 10:12:25] RUN: npm run build
npm error Missing script: "build"
npm error
npm error To see a list of scripts, run:
npm error   npm run
npm error A complete log of this run can be found in: /data/data/com.termux/files/home/.npm/_logs/2025-11-15T04_42_26_120Z-debug-0.log
[2025-11-15 10:12:26] ERROR: npm run build failed
[2025-11-15 10:12:52] ----- 🚀 Aikya Autopilot START 2025-11-15 10:12:52 -----
[2025-11-15 10:12:52] RUN: git pull --rebase
error: cannot pull with rebase: You have unstaged changes.
error: Please commit or stash them.
[2025-11-15 10:12:55] ERROR: git pull --rebase failed
[2025-11-15 10:12:55] RUN: npm install --legacy-peer-deps
npm warn EBADENGINE Unsupported engine {
npm warn EBADENGINE   package: 'superstatic@9.2.0',
npm warn EBADENGINE   required: { node: '18 || 20 || 22' },
npm warn EBADENGINE   current: { node: 'v24.9.0', npm: '11.6.0' }
npm warn EBADENGINE }

up to date, audited 2350 packages in 20s

249 packages are looking for funding
  run `npm fund` for details

50 vulnerabilities (3 low, 23 moderate, 24 high)

To address issues that do not require attention, run:
  npm audit fix

To address all issues (including breaking changes), run:
  npm audit fix --force

Run `npm audit` for details.
[AutoRestart] Checking...
[2025-11-15 10:13:16] RUN: npm run build
npm error Missing script: "build"
npm error
npm error To see a list of scripts, run:
npm error   npm run
npm error A complete log of this run can be found in: /data/data/com.termux/files/home/.npm/_logs/2025-11-15T04_43_16_910Z-debug-0.log
[2025-11-15 10:13:17] ERROR: npm run build failed
[2025-11-15 10:13:52] ----- 🚀 Aikya Autopilot START 2025-11-15 10:13:52 -----
[2025-11-15 10:13:52] RUN: git pull --rebase
error: cannot pull with rebase: You have unstaged changes.
error: Please commit or stash them.
[2025-11-15 10:13:55] ERROR: git pull --rebase failed
[2025-11-15 10:13:55] RUN: npm install --legacy-peer-deps
npm warn EBADENGINE Unsupported engine {
npm warn EBADENGINE   package: 'superstatic@9.2.0',
npm warn EBADENGINE   required: { node: '18 || 20 || 22' },
npm warn EBADENGINE   current: { node: 'v24.9.0', npm: '11.6.0' }
npm warn EBADENGINE }

up to date, audited 2350 packages in 17s

249 packages are looking for funding
  run `npm fund` for details

50 vulnerabilities (3 low, 23 moderate, 24 high)

To address issues that do not require attention, run:
  npm audit fix

To address all issues (including breaking changes), run:
  npm audit fix --force

Run `npm audit` for details.
[2025-11-15 10:14:12] RUN: npm run build
npm error Missing script: "build"
npm error
npm error To see a list of scripts, run:
npm error   npm run
npm error A complete log of this run can be found in: /data/data/com.termux/files/home/.npm/_logs/2025-11-15T04_44_13_124Z-debug-0.log
[2025-11-15 10:14:13] ERROR: npm run build failed
[AutoRestart] Checking...
[2025-11-15 10:14:52] ----- 🚀 Aikya Autopilot START 2025-11-15 10:14:52 -----
[2025-11-15 10:14:52] RUN: git pull --rebase
error: cannot pull with rebase: You have unstaged changes.
error: Please commit or stash them.
[2025-11-15 10:14:55] ERROR: git pull --rebase failed
[2025-11-15 10:14:55] RUN: npm install --legacy-peer-deps
npm warn EBADENGINE Unsupported engine {
npm warn EBADENGINE   package: 'superstatic@9.2.0',
npm warn EBADENGINE   required: { node: '18 || 20 || 22' },
npm warn EBADENGINE   current: { node: 'v24.9.0', npm: '11.6.0' }
npm warn EBADENGINE }

up to date, audited 2350 packages in 13s

249 packages are looking for funding
  run `npm fund` for details

50 vulnerabilities (3 low, 23 moderate, 24 high)

To address issues that do not require attention, run:
  npm audit fix

To address all issues (including breaking changes), run:
  npm audit fix --force

Run `npm audit` for details.
[2025-11-15 10:15:09] RUN: npm run build
npm error Missing script: "build"
npm error
npm error To see a list of scripts, run:
npm error   npm run
npm error A complete log of this run can be found in: /data/data/com.termux/files/home/.npm/_logs/2025-11-15T04_45_09_398Z-debug-0.log
[2025-11-15 10:15:09] ERROR: npm run build failed
[AutoRestart] Checking...
[2025-11-15 10:15:52] ----- 🚀 Aikya Autopilot START 2025-11-15 10:15:52 -----
[2025-11-15 10:15:52] RUN: git pull --rebase
error: cannot pull with rebase: You have unstaged changes.
error: Please commit or stash them.
[2025-11-15 10:15:52] ERROR: git pull --rebase failed
[2025-11-15 10:15:52] RUN: npm install --legacy-peer-deps
npm warn EBADENGINE Unsupported engine {
npm warn EBADENGINE   package: 'superstatic@9.2.0',
npm warn EBADENGINE   required: { node: '18 || 20 || 22' },
npm warn EBADENGINE   current: { node: 'v24.9.0', npm: '11.6.0' }
npm warn EBADENGINE }

up to date, audited 2350 packages in 12s

249 packages are looking for funding
  run `npm fund` for details

50 vulnerabilities (3 low, 23 moderate, 24 high)

To address issues that do not require attention, run:
  npm audit fix

To address all issues (including breaking changes), run:
  npm audit fix --force

Run `npm audit` for details.
[2025-11-15 10:16:05] RUN: npm run build
npm error Missing script: "build"
npm error
npm error To see a list of scripts, run:
npm error   npm run
npm error A complete log of this run can be found in: /data/data/com.termux/files/home/.npm/_logs/2025-11-15T04_46_05_656Z-debug-0.log
[2025-11-15 10:16:05] ERROR: npm run build failed
[AutoRestart] Checking...
[2025-11-15 10:16:52] ----- 🚀 Aikya Autopilot START 2025-11-15 10:16:52 -----
[2025-11-15 10:16:52] RUN: git pull --rebase
error: cannot pull with rebase: You have unstaged changes.
error: Please commit or stash them.
[2025-11-15 10:16:52] ERROR: git pull --rebase failed
[2025-11-15 10:16:52] RUN: npm install --legacy-peer-deps
npm warn EBADENGINE Unsupported engine {
npm warn EBADENGINE   package: 'superstatic@9.2.0',
npm warn EBADENGINE   required: { node: '18 || 20 || 22' },
npm warn EBADENGINE   current: { node: 'v24.9.0', npm: '11.6.0' }
npm warn EBADENGINE }

up to date, audited 2350 packages in 11s

249 packages are looking for funding
  run `npm fund` for details

50 vulnerabilities (3 low, 23 moderate, 24 high)

To address issues that do not require attention, run:
  npm audit fix

To address all issues (including breaking changes), run:
  npm audit fix --force

Run `npm audit` for details.
[2025-11-15 10:17:04] RUN: npm run build
npm error Missing script: "build"
npm error
npm error To see a list of scripts, run:
npm error   npm run
npm error A complete log of this run can be found in: /data/data/com.termux/files/home/.npm/_logs/2025-11-15T04_47_05_311Z-debug-0.log
[2025-11-15 10:17:05] ERROR: npm run build failed
[AutoRestart] Checking...
[2025-11-15 10:17:52] ----- 🚀 Aikya Autopilot START 2025-11-15 10:17:52 -----
[2025-11-15 10:17:52] RUN: git pull --rebase
error: cannot pull with rebase: You have unstaged changes.
error: Please commit or stash them.
[2025-11-15 10:17:55] ERROR: git pull --rebase failed
[2025-11-15 10:17:55] RUN: npm install --legacy-peer-deps
npm warn EBADENGINE Unsupported engine {
npm warn EBADENGINE   package: 'superstatic@9.2.0',
npm warn EBADENGINE   required: { node: '18 || 20 || 22' },
npm warn EBADENGINE   current: { node: 'v24.9.0', npm: '11.6.0' }
npm warn EBADENGINE }
[AutoRestart] Checking...

up to date, audited 2350 packages in 23s

249 packages are looking for funding
  run `npm fund` for details

50 vulnerabilities (3 low, 23 moderate, 24 high)

To address issues that do not require attention, run:
  npm audit fix

To address all issues (including breaking changes), run:
  npm audit fix --force

Run `npm audit` for details.
[2025-11-15 10:18:18] RUN: npm run build
npm error Missing script: "build"
npm error
npm error To see a list of scripts, run:
npm error   npm run
npm error A complete log of this run can be found in: /data/data/com.termux/files/home/.npm/_logs/2025-11-15T04_48_19_258Z-debug-0.log
[2025-11-15 10:18:19] ERROR: npm run build failed
[2025-11-15 10:18:52] ----- 🚀 Aikya Autopilot START 2025-11-15 10:18:52 -----
[2025-11-15 10:18:52] RUN: git pull --rebase
error: cannot pull with rebase: You have unstaged changes.
error: Please commit or stash them.
[2025-11-15 10:18:54] ERROR: git pull --rebase failed
[2025-11-15 10:18:54] RUN: npm install --legacy-peer-deps
npm warn EBADENGINE Unsupported engine {
npm warn EBADENGINE   package: 'superstatic@9.2.0',
npm warn EBADENGINE   required: { node: '18 || 20 || 22' },
npm warn EBADENGINE   current: { node: 'v24.9.0', npm: '11.6.0' }
npm warn EBADENGINE }
                                                                                                                                                                                                                                                                                                                                                                                                                                                           [2025-11-15 21:44:16] ----- 🚀 Aikya Autopilot START 2025-11-15 21:44:16 -----
[2025-11-15 21:44:16] RUN: git pull --rebase
error: cannot pull with rebase: You have unstaged changes.
error: Please commit or stash them.
[2025-11-15 21:44:19] ERROR: git pull --rebase failed
[2025-11-15 21:44:19] RUN: npm install --legacy-peer-deps
npm warn EBADENGINE Unsupported engine {
npm warn EBADENGINE   package: 'superstatic@9.2.0',
npm warn EBADENGINE   required: { node: '18 || 20 || 22' },
npm warn EBADENGINE   current: { node: 'v24.9.0', npm: '11.6.0' }
npm warn EBADENGINE }

up to date, audited 2350 packages in 30s

249 packages are looking for funding
  run `npm fund` for details

50 vulnerabilities (3 low, 23 moderate, 24 high)

To address issues that do not require attention, run:
  npm audit fix

To address all issues (including breaking changes), run:
  npm audit fix --force

Run `npm audit` for details.
[2025-11-15 21:44:50] RUN: npm run build
npm error Missing script: "build"
npm error
npm error To see a list of scripts, run:
npm error   npm run
npm error A complete log of this run can be found in: /data/data/com.termux/files/home/.npm/_logs/2025-11-15T16_14_50_693Z-debug-0.log
[2025-11-15 21:44:50] ERROR: npm run build failed
[2025-11-15 21:45:16] ----- 🚀 Aikya Autopilot START 2025-11-15 21:45:16 -----
[2025-11-15 21:45:16] RUN: git pull --rebase
error: cannot pull with rebase: You have unstaged changes.
error: Please commit or stash them.
[2025-11-15 21:45:19] ERROR: git pull --rebase failed
[2025-11-15 21:45:19] RUN: npm install --legacy-peer-deps
npm warn EBADENGINE Unsupported engine {
npm warn EBADENGINE   package: 'superstatic@9.2.0',
npm warn EBADENGINE   required: { node: '18 || 20 || 22' },
npm warn EBADENGINE   current: { node: 'v24.9.0', npm: '11.6.0' }
npm warn EBADENGINE }

up to date, audited 2350 packages in 15s

249 packages are looking for funding
  run `npm fund` for details

50 vulnerabilities (3 low, 23 moderate, 24 high)

To address issues that do not require attention, run:
  npm audit fix

To address all issues (including breaking changes), run:
  npm audit fix --force

Run `npm audit` for details.
[2025-11-15 21:45:35] RUN: npm run build
npm error Missing script: "build"
npm error
npm error To see a list of scripts, run:
npm error   npm run
npm error A complete log of this run can be found in: /data/data/com.termux/files/home/.npm/_logs/2025-11-15T16_15_35_631Z-debug-0.log
[2025-11-15 21:45:35] ERROR: npm run build failed
[2025-11-15 21:46:00] ----- 🚀 Aikya Autopilot START 2025-11-15 21:46:00 -----
[2025-11-15 21:46:00] RUN: git pull --rebase
error: cannot pull with rebase: You have unstaged changes.
error: Please commit or stash them.
[2025-11-15 21:46:03] ERROR: git pull --rebase failed
[2025-11-15 21:46:03] RUN: npm install --legacy-peer-deps
npm warn EBADENGINE Unsupported engine {
npm warn EBADENGINE   package: 'superstatic@9.2.0',
npm warn EBADENGINE   required: { node: '18 || 20 || 22' },
npm warn EBADENGINE   current: { node: 'v24.9.0', npm: '11.6.0' }
npm warn EBADENGINE }

up to date, audited 2350 packages in 14s

249 packages are looking for funding
  run `npm fund` for details

50 vulnerabilities (3 low, 23 moderate, 24 high)

To address issues that do not require attention, run:
  npm audit fix

To address all issues (including breaking changes), run:
  npm audit fix --force

Run `npm audit` for details.
[2025-11-15 21:46:18] RUN: npm run build
npm error Missing script: "build"
npm error
npm error To see a list of scripts, run:
npm error   npm run
npm error A complete log of this run can be found in: /data/data/com.termux/files/home/.npm/_logs/2025-11-15T16_16_18_788Z-debug-0.log
[2025-11-15 21:46:19] ERROR: npm run build failed
[2025-11-15 21:47:15] ----- 🚀 Aikya Autopilot START 2025-11-15 21:47:15 -----
[2025-11-15 21:47:15] RUN: git pull --rebase
error: cannot pull with rebase: You have unstaged changes.
error: Please commit or stash them.
[2025-11-15 21:47:17] ERROR: git pull --rebase failed
[2025-11-15 21:47:17] RUN: npm install --legacy-peer-deps
npm warn EBADENGINE Unsupported engine {
npm warn EBADENGINE   package: 'superstatic@9.2.0',
npm warn EBADENGINE   required: { node: '18 || 20 || 22' },
npm warn EBADENGINE   current: { node: 'v24.9.0', npm: '11.6.0' }
npm warn EBADENGINE }

up to date, audited 2350 packages in 12s

249 packages are looking for funding
  run `npm fund` for details

50 vulnerabilities (3 low, 23 moderate, 24 high)

To address issues that do not require attention, run:
  npm audit fix

To address all issues (including breaking changes), run:
  npm audit fix --force

Run `npm audit` for details.
[2025-11-15 21:47:30] RUN: npm run build
npm error Missing script: "build"
npm error
npm error To see a list of scripts, run:
npm error   npm run
npm error A complete log of this run can be found in: /data/data/com.termux/files/home/.npm/_logs/2025-11-15T16_17_30_569Z-debug-0.log
[2025-11-15 21:47:30] ERROR: npm run build failed
[2025-11-15 21:48:00] ----- 🚀 Aikya Autopilot START 2025-11-15 21:48:00 -----
[2025-11-15 21:48:00] RUN: git pull --rebase
error: cannot pull with rebase: You have unstaged changes.
error: Please commit or stash them.
[2025-11-15 21:48:03] ERROR: git pull --rebase failed
[2025-11-15 21:48:03] RUN: npm install --legacy-peer-deps
npm warn EBADENGINE Unsupported engine {
npm warn EBADENGINE   package: 'superstatic@9.2.0',
npm warn EBADENGINE   required: { node: '18 || 20 || 22' },
npm warn EBADENGINE   current: { node: 'v24.9.0', npm: '11.6.0' }
npm warn EBADENGINE }

up to date, audited 2350 packages in 12s

249 packages are looking for funding
  run `npm fund` for details

50 vulnerabilities (3 low, 23 moderate, 24 high)

To address issues that do not require attention, run:
  npm audit fix

To address all issues (including breaking changes), run:
  npm audit fix --force

Run `npm audit` for details.
[2025-11-15 21:48:16] RUN: npm run build
npm error Missing script: "build"
npm error
npm error To see a list of scripts, run:
npm error   npm run
npm error A complete log of this run can be found in: /data/data/com.termux/files/home/.npm/_logs/2025-11-15T16_18_16_711Z-debug-0.log
[2025-11-15 21:48:16] ERROR: npm run build failed
[2025-11-15 21:49:03] ----- 🚀 Aikya Autopilot START 2025-11-15 21:49:03 -----
[2025-11-15 21:49:03] RUN: git pull --rebase
error: cannot pull with rebase: You have unstaged changes.
error: Please commit or stash them.
[2025-11-15 21:49:05] ERROR: git pull --rebase failed
[2025-11-15 21:49:05] RUN: npm install --legacy-peer-deps
npm warn EBADENGINE Unsupported engine {
npm warn EBADENGINE   package: 'superstatic@9.2.0',
npm warn EBADENGINE   required: { node: '18 || 20 || 22' },
npm warn EBADENGINE   current: { node: 'v24.9.0', npm: '11.6.0' }
npm warn EBADENGINE }

up to date, audited 2350 packages in 19s

249 packages are looking for funding
  run `npm fund` for details

50 vulnerabilities (3 low, 23 moderate, 24 high)

To address issues that do not require attention, run:
  npm audit fix

To address all issues (including breaking changes), run:
  npm audit fix --force

Run `npm audit` for details.
[2025-11-15 21:49:25] RUN: npm run build
npm error Missing script: "build"
npm error
npm error To see a list of scripts, run:
npm error   npm run
npm error A complete log of this run can be found in: /data/data/com.termux/files/home/.npm/_logs/2025-11-15T16_19_25_355Z-debug-0.log
[2025-11-15 21:49:25] ERROR: npm run build failed
[2025-11-15 21:50:00] ----- 🚀 Aikya Autopilot START 2025-11-15 21:50:00 -----
[2025-11-15 21:50:00] ----- 🚀 Aikya Autopilot START 2025-11-15 21:50:00 -----
[2025-11-15 21:50:00] RUN: git pull --rebase
[2025-11-15 21:50:00] RUN: git pull --rebase
error: cannot pull with rebase: You have unstaged changes.
error: cannot pull with rebase: You have unstaged changes.
error: Please commit or stash them.
error: Please commit or stash them.
[2025-11-15 21:50:04] ERROR: git pull --rebase failed
[2025-11-15 21:50:04] ERROR: git pull --rebase failed
[2025-11-15 21:50:04] RUN: npm install --legacy-peer-deps
[2025-11-15 21:50:04] RUN: npm install --legacy-peer-deps
npm warn EBADENGINE Unsupported engine {
npm warn EBADENGINE   package: 'superstatic@9.2.0',
npm warn EBADENGINE   required: { node: '18 || 20 || 22' },
npm warn EBADENGINE   current: { node: 'v24.9.0', npm: '11.6.0' }
npm warn EBADENGINE }
npm warn EBADENGINE Unsupported engine {
npm warn EBADENGINE   package: 'superstatic@9.2.0',
npm warn EBADENGINE   required: { node: '18 || 20 || 22' },
npm warn EBADENGINE   current: { node: 'v24.9.0', npm: '11.6.0' }
npm warn EBADENGINE }

up to date, audited 2350 packages in 31s

249 packages are looking for funding
  run `npm fund` for details

up to date, audited 2350 packages in 31s

249 packages are looking for funding
  run `npm fund` for details

50 vulnerabilities (3 low, 23 moderate, 24 high)

To address issues that do not require attention, run:
  npm audit fix

To address all issues (including breaking changes), run:
  npm audit fix --force

Run `npm audit` for details.

50 vulnerabilities (3 low, 23 moderate, 24 high)

To address issues that do not require attention, run:
  npm audit fix

To address all issues (including breaking changes), run:
  npm audit fix --force

Run `npm audit` for details.
[2025-11-15 21:50:36] RUN: npm run build
[2025-11-15 21:50:36] RUN: npm run build
npm error Missing script: "build"
npm error
npm error To see a list of scripts, run:
npm error   npm run
npm error A complete log of this run can be found in: /data/data/com.termux/files/home/.npm/_logs/2025-11-15T16_20_36_927Z-debug-0.log
npm error Missing script: "build"
npm error
npm error To see a list of scripts, run:
npm error   npm run
npm error A complete log of this run can be found in: /data/data/com.termux/files/home/.npm/_logs/2025-11-15T16_20_36_927Z-debug-0.log
[2025-11-15 21:50:37] ERROR: npm run build failed
[2025-11-15 21:50:37] ERROR: npm run build failed
[2025-11-15 21:51:00] ----- 🚀 Aikya Autopilot START 2025-11-15 21:51:00 -----
[2025-11-15 21:51:00] RUN: git pull --rebase
error: cannot pull with rebase: You have unstaged changes.
error: Please commit or stash them.
[2025-11-15 21:51:03] ERROR: git pull --rebase failed
[2025-11-15 21:51:03] RUN: npm install --legacy-peer-deps
npm warn EBADENGINE Unsupported engine {
npm warn EBADENGINE   package: 'superstatic@9.2.0',
npm warn EBADENGINE   required: { node: '18 || 20 || 22' },
npm warn EBADENGINE   current: { node: 'v24.9.0', npm: '11.6.0' }
npm warn EBADENGINE }

up to date, audited 2350 packages in 14s

249 packages are looking for funding
  run `npm fund` for details

50 vulnerabilities (3 low, 23 moderate, 24 high)

To address issues that do not require attention, run:
  npm audit fix

To address all issues (including breaking changes), run:
  npm audit fix --force

Run `npm audit` for details.
[2025-11-15 21:51:18] RUN: npm run build
npm error Missing script: "build"
npm error
npm error To see a list of scripts, run:
npm error   npm run
npm error A complete log of this run can be found in: /data/data/com.termux/files/home/.npm/_logs/2025-11-15T16_21_19_195Z-debug-0.log
[2025-11-15 21:51:19] ERROR: npm run build failed
[2025-11-15 21:51:25] ----- 🚀 Aikya Autopilot START 2025-11-15 21:51:25 -----
[2025-11-15 21:51:25] RUN: git pull --rebase
error: cannot pull with rebase: You have unstaged changes.
error: Please commit or stash them.
[2025-11-15 21:51:27] ERROR: git pull --rebase failed
[2025-11-15 21:51:27] RUN: npm install --legacy-peer-deps
npm warn EBADENGINE Unsupported engine {
npm warn EBADENGINE   package: 'superstatic@9.2.0',
npm warn EBADENGINE   required: { node: '18 || 20 || 22' },
npm warn EBADENGINE   current: { node: 'v24.9.0', npm: '11.6.0' }
npm warn EBADENGINE }

up to date, audited 2350 packages in 13s

249 packages are looking for funding
  run `npm fund` for details

50 vulnerabilities (3 low, 23 moderate, 24 high)

To address issues that do not require attention, run:
  npm audit fix

To address all issues (including breaking changes), run:
  npm audit fix --force

Run `npm audit` for details.
[2025-11-15 21:51:41] RUN: npm run build
npm error Missing script: "build"
npm error
npm error To see a list of scripts, run:
npm error   npm run
npm error A complete log of this run can be found in: /data/data/com.termux/files/home/.npm/_logs/2025-11-15T16_21_42_873Z-debug-0.log
[2025-11-15 21:51:43] ERROR: npm run build failed
[2025-11-15 21:51:45] ----- 🚀 Aikya Autopilot START 2025-11-15 21:51:45 -----
[2025-11-15 21:51:45] RUN: git pull --rebase
error: cannot pull with rebase: You have unstaged changes.
error: Please commit or stash them.
[2025-11-15 21:51:48] ERROR: git pull --rebase failed
[2025-11-15 21:51:48] RUN: npm install --legacy-peer-deps
npm warn EBADENGINE Unsupported engine {
npm warn EBADENGINE   package: 'superstatic@9.2.0',
npm warn EBADENGINE   required: { node: '18 || 20 || 22' },
npm warn EBADENGINE   current: { node: 'v24.9.0', npm: '11.6.0' }
npm warn EBADENGINE }

up to date, audited 2350 packages in 13s

249 packages are looking for funding
  run `npm fund` for details

50 vulnerabilities (3 low, 23 moderate, 24 high)

To address issues that do not require attention, run:
  npm audit fix

To address all issues (including breaking changes), run:
  npm audit fix --force

Run `npm audit` for details.
[2025-11-15 21:52:02] RUN: npm run build
npm error Missing script: "build"
npm error
npm error To see a list of scripts, run:
npm error   npm run
npm error A complete log of this run can be found in: /data/data/com.termux/files/home/.npm/_logs/2025-11-15T16_22_03_261Z-debug-0.log
[2025-11-15 21:52:03] ERROR: npm run build failed
[2025-11-15 21:52:06] ----- 🚀 Aikya Autopilot START 2025-11-15 21:52:06 -----
[2025-11-15 21:52:06] RUN: git pull --rebase
error: cannot pull with rebase: You have unstaged changes.
error: Please commit or stash them.
[2025-11-15 21:52:10] ERROR: git pull --rebase failed
[2025-11-15 21:52:10] RUN: npm install --legacy-peer-deps
npm warn EBADENGINE Unsupported engine {
npm warn EBADENGINE   package: 'superstatic@9.2.0',
npm warn EBADENGINE   required: { node: '18 || 20 || 22' },
npm warn EBADENGINE   current: { node: 'v24.9.0', npm: '11.6.0' }
npm warn EBADENGINE }

up to date, audited 2350 packages in 19s

249 packages are looking for funding
  run `npm fund` for details

50 vulnerabilities (3 low, 23 moderate, 24 high)

To address issues that do not require attention, run:
  npm audit fix

To address all issues (including breaking changes), run:
  npm audit fix --force

Run `npm audit` for details.
[2025-11-15 21:52:30] RUN: npm run build
npm error Missing script: "build"
npm error
npm error To see a list of scripts, run:
npm error   npm run
npm error A complete log of this run can be found in: /data/data/com.termux/files/home/.npm/_logs/2025-11-15T16_22_31_175Z-debug-0.log
[2025-11-15 21:52:31] ERROR: npm run build failed
[2025-11-15 21:52:35] ----- 🚀 Aikya Autopilot START 2025-11-15 21:52:35 -----
[2025-11-15 21:52:35] RUN: git pull --rebase
error: cannot pull with rebase: You have unstaged changes.
error: Please commit or stash them.
[2025-11-15 21:52:37] ERROR: git pull --rebase failed
[2025-11-15 21:52:37] RUN: npm install --legacy-peer-deps
npm warn EBADENGINE Unsupported engine {
npm warn EBADENGINE   package: 'superstatic@9.2.0',
npm warn EBADENGINE   required: { node: '18 || 20 || 22' },
npm warn EBADENGINE   current: { node: 'v24.9.0', npm: '11.6.0' }
npm warn EBADENGINE }

up to date, audited 2350 packages in 15s

249 packages are looking for funding
  run `npm fund` for details

50 vulnerabilities (3 low, 23 moderate, 24 high)

To address issues that do not require attention, run:
  npm audit fix

To address all issues (including breaking changes), run:
  npm audit fix --force

Run `npm audit` for details.
[2025-11-15 21:52:53] RUN: npm run build
npm error Missing script: "build"
npm error
npm error To see a list of scripts, run:
npm error   npm run
npm error A complete log of this run can be found in: /data/data/com.termux/files/home/.npm/_logs/2025-11-15T16_22_54_098Z-debug-0.log
[2025-11-15 21:52:54] ERROR: npm run build failed
[2025-11-15 21:52:55] ----- 🚀 Aikya Autopilot START 2025-11-15 21:52:55 -----
[2025-11-15 21:52:55] RUN: git pull --rebase
error: cannot pull with rebase: You have unstaged changes.
error: Please commit or stash them.
[2025-11-15 21:52:58] ERROR: git pull --rebase failed
[2025-11-15 21:52:58] RUN: npm install --legacy-peer-deps
npm warn EBADENGINE Unsupported engine {
npm warn EBADENGINE   package: 'superstatic@9.2.0',
npm warn EBADENGINE   required: { node: '18 || 20 || 22' },
npm warn EBADENGINE   current: { node: 'v24.9.0', npm: '11.6.0' }
npm warn EBADENGINE }

up to date, audited 2350 packages in 14s

249 packages are looking for funding
  run `npm fund` for details

50 vulnerabilities (3 low, 23 moderate, 24 high)

To address issues that do not require attention, run:
  npm audit fix

To address all issues (including breaking changes), run:
  npm audit fix --force

Run `npm audit` for details.
[2025-11-15 21:53:12] RUN: npm run build
npm error Missing script: "build"
npm error
npm error To see a list of scripts, run:
npm error   npm run
npm error A complete log of this run can be found in: /data/data/com.termux/files/home/.npm/_logs/2025-11-15T16_23_13_164Z-debug-0.log
[2025-11-15 21:53:13] ERROR: npm run build failed
[2025-11-15 21:53:15] ----- 🚀 Aikya Autopilot START 2025-11-15 21:53:15 -----
[2025-11-15 21:53:16] RUN: git pull --rebase
error: cannot pull with rebase: You have unstaged changes.
error: Please commit or stash them.
[2025-11-15 21:53:17] ERROR: git pull --rebase failed
[2025-11-15 21:53:17] RUN: npm install --legacy-peer-deps
npm warn EBADENGINE Unsupported engine {
npm warn EBADENGINE   package: 'superstatic@9.2.0',
npm warn EBADENGINE   required: { node: '18 || 20 || 22' },
npm warn EBADENGINE   current: { node: 'v24.9.0', npm: '11.6.0' }
npm warn EBADENGINE }

up to date, audited 2350 packages in 11s

249 packages are looking for funding
  run `npm fund` for details

50 vulnerabilities (3 low, 23 moderate, 24 high)

To address issues that do not require attention, run:
  npm audit fix

To address all issues (including breaking changes), run:
  npm audit fix --force

Run `npm audit` for details.
[2025-11-15 21:53:29] RUN: npm run build
npm error Missing script: "build"
npm error
npm error To see a list of scripts, run:
npm error   npm run
npm error A complete log of this run can be found in: /data/data/com.termux/files/home/.npm/_logs/2025-11-15T16_23_29_719Z-debug-0.log
[2025-11-15 21:53:29] ERROR: npm run build failed
[2025-11-15 21:53:36] ----- 🚀 Aikya Autopilot START 2025-11-15 21:53:36 -----
[2025-11-15 21:53:36] RUN: git pull --rebase
error: cannot pull with rebase: You have unstaged changes.
error: Please commit or stash them.
[2025-11-15 21:53:36] ERROR: git pull --rebase failed
[2025-11-15 21:53:36] RUN: npm install --legacy-peer-deps
npm warn EBADENGINE Unsupported engine {
npm warn EBADENGINE   package: 'superstatic@9.2.0',
npm warn EBADENGINE   required: { node: '18 || 20 || 22' },
npm warn EBADENGINE   current: { node: 'v24.9.0', npm: '11.6.0' }
npm warn EBADENGINE }

up to date, audited 2350 packages in 16s

249 packages are looking for funding
  run `npm fund` for details

50 vulnerabilities (3 low, 23 moderate, 24 high)

To address issues that do not require attention, run:
  npm audit fix

To address all issues (including breaking changes), run:
  npm audit fix --force

Run `npm audit` for details.
[2025-11-15 21:53:53] RUN: npm run build
npm error Missing script: "build"
npm error
npm error To see a list of scripts, run:
npm error   npm run
npm error A complete log of this run can be found in: /data/data/com.termux/files/home/.npm/_logs/2025-11-15T16_23_54_259Z-debug-0.log
[2025-11-15 21:53:54] ERROR: npm run build failed
[2025-11-15 21:53:56] ----- 🚀 Aikya Autopilot START 2025-11-15 21:53:56 -----
[2025-11-15 21:53:56] RUN: git pull --rebase
error: cannot pull with rebase: You have unstaged changes.
error: Please commit or stash them.
[2025-11-15 21:53:58] ERROR: git pull --rebase failed
[2025-11-15 21:53:58] RUN: npm install --legacy-peer-deps
npm warn EBADENGINE Unsupported engine {
npm warn EBADENGINE   package: 'superstatic@9.2.0',
npm warn EBADENGINE   required: { node: '18 || 20 || 22' },
npm warn EBADENGINE   current: { node: 'v24.9.0', npm: '11.6.0' }
npm warn EBADENGINE }

up to date, audited 2350 packages in 18s

249 packages are looking for funding
  run `npm fund` for details

50 vulnerabilities (3 low, 23 moderate, 24 high)

To address issues that do not require attention, run:
  npm audit fix

To address all issues (including breaking changes), run:
  npm audit fix --force

Run `npm audit` for details.
[2025-11-15 21:54:18] RUN: npm run build
npm error Missing script: "build"
npm error
npm error To see a list of scripts, run:
npm error   npm run
npm error A complete log of this run can be found in: /data/data/com.termux/files/home/.npm/_logs/2025-11-15T16_24_18_523Z-debug-0.log
[2025-11-15 21:54:18] ERROR: npm run build failed
[2025-11-15 21:54:27] ----- 🚀 Aikya Autopilot START 2025-11-15 21:54:27 -----
[2025-11-15 21:54:27] RUN: git pull --rebase
error: cannot pull with rebase: You have unstaged changes.
error: Please commit or stash them.
[2025-11-15 21:54:29] ERROR: git pull --rebase failed
[2025-11-15 21:54:29] RUN: npm install --legacy-peer-deps
npm warn EBADENGINE Unsupported engine {
npm warn EBADENGINE   package: 'superstatic@9.2.0',
npm warn EBADENGINE   required: { node: '18 || 20 || 22' },
npm warn EBADENGINE   current: { node: 'v24.9.0', npm: '11.6.0' }
npm warn EBADENGINE }

up to date, audited 2350 packages in 22s

249 packages are looking for funding
  run `npm fund` for details

50 vulnerabilities (3 low, 23 moderate, 24 high)

To address issues that do not require attention, run:
  npm audit fix

To address all issues (including breaking changes), run:
  npm audit fix --force

Run `npm audit` for details.
[2025-11-15 21:54:52] RUN: npm run build
npm error Missing script: "build"
npm error
npm error To see a list of scripts, run:
npm error   npm run
npm error A complete log of this run can be found in: /data/data/com.termux/files/home/.npm/_logs/2025-11-15T16_24_53_137Z-debug-0.log
[2025-11-15 21:54:53] ERROR: npm run build failed
[2025-11-15 21:54:57] ----- 🚀 Aikya Autopilot START 2025-11-15 21:54:57 -----
[2025-11-15 21:54:57] RUN: git pull --rebase
error: cannot pull with rebase: You have unstaged changes.
error: Please commit or stash them.
[2025-11-15 21:55:01] ERROR: git pull --rebase failed
[2025-11-15 21:55:01] RUN: npm install --legacy-peer-deps
npm warn EBADENGINE Unsupported engine {
npm warn EBADENGINE   package: 'superstatic@9.2.0',
npm warn EBADENGINE   required: { node: '18 || 20 || 22' },
npm warn EBADENGINE   current: { node: 'v24.9.0', npm: '11.6.0' }
npm warn EBADENGINE }

up to date, audited 2350 packages in 51s

249 packages are looking for funding
  run `npm fund` for details

50 vulnerabilities (3 low, 23 moderate, 24 high)

To address issues that do not require attention, run:
  npm audit fix

To address all issues (including breaking changes), run:
  npm audit fix --force

Run `npm audit` for details.
[2025-11-15 21:55:54] RUN: npm run build
npm error Missing script: "build"
npm error
npm error To see a list of scripts, run:
npm error   npm run
npm error A complete log of this run can be found in: /data/data/com.termux/files/home/.npm/_logs/2025-11-15T16_25_55_004Z-debug-0.log
[2025-11-15 21:55:55] ERROR: npm run build failed
[2025-11-15 21:55:58] ----- 🚀 Aikya Autopilot START 2025-11-15 21:55:58 -----
[2025-11-15 21:55:58] RUN: git pull --rebase
error: cannot pull with rebase: You have unstaged changes.
error: Please commit or stash them.
[2025-11-15 21:56:00] ERROR: git pull --rebase failed
[2025-11-15 21:56:00] RUN: npm install --legacy-peer-deps
npm warn EBADENGINE Unsupported engine {
npm warn EBADENGINE   package: 'superstatic@9.2.0',
npm warn EBADENGINE   required: { node: '18 || 20 || 22' },
npm warn EBADENGINE   current: { node: 'v24.9.0', npm: '11.6.0' }
npm warn EBADENGINE }

up to date, audited 2350 packages in 14s

249 packages are looking for funding
  run `npm fund` for details

50 vulnerabilities (3 low, 23 moderate, 24 high)

To address issues that do not require attention, run:
  npm audit fix

To address all issues (including breaking changes), run:
  npm audit fix --force

Run `npm audit` for details.
[2025-11-15 21:56:15] RUN: npm run build
npm error Missing script: "build"
npm error
npm error To see a list of scripts, run:
npm error   npm run
npm error A complete log of this run can be found in: /data/data/com.termux/files/home/.npm/_logs/2025-11-15T16_26_16_158Z-debug-0.log
[2025-11-15 21:56:16] ERROR: npm run build failed
[2025-11-15 21:56:17] ----- 🚀 Aikya Autopilot START 2025-11-15 21:56:17 -----
[2025-11-15 21:56:17] RUN: git pull --rebase
error: cannot pull with rebase: You have unstaged changes.
error: Please commit or stash them.
[2025-11-15 21:56:19] ERROR: git pull --rebase failed
[2025-11-15 21:56:19] RUN: npm install --legacy-peer-deps
npm warn EBADENGINE Unsupported engine {
npm warn EBADENGINE   package: 'superstatic@9.2.0',
npm warn EBADENGINE   required: { node: '18 || 20 || 22' },
npm warn EBADENGINE   current: { node: 'v24.9.0', npm: '11.6.0' }
npm warn EBADENGINE }

up to date, audited 2350 packages in 15s

249 packages are looking for funding
  run `npm fund` for details

50 vulnerabilities (3 low, 23 moderate, 24 high)

To address issues that do not require attention, run:
  npm audit fix

To address all issues (including breaking changes), run:
  npm audit fix --force

Run `npm audit` for details.
[2025-11-15 21:56:34] RUN: npm run build
npm error Missing script: "build"
npm error
npm error To see a list of scripts, run:
npm error   npm run
npm error A complete log of this run can be found in: /data/data/com.termux/files/home/.npm/_logs/2025-11-15T16_26_35_283Z-debug-0.log
[2025-11-15 21:56:35] ERROR: npm run build failed
[2025-11-15 21:56:38] ----- 🚀 Aikya Autopilot START 2025-11-15 21:56:38 -----
[2025-11-15 21:56:38] RUN: git pull --rebase
error: cannot pull with rebase: You have unstaged changes.
error: Please commit or stash them.
[2025-11-15 21:56:41] ERROR: git pull --rebase failed
[2025-11-15 21:56:41] RUN: npm install --legacy-peer-deps
npm warn EBADENGINE Unsupported engine {
npm warn EBADENGINE   package: 'superstatic@9.2.0',
npm warn EBADENGINE   required: { node: '18 || 20 || 22' },
npm warn EBADENGINE   current: { node: 'v24.9.0', npm: '11.6.0' }
npm warn EBADENGINE }

up to date, audited 2350 packages in 16s

249 packages are looking for funding
  run `npm fund` for details

50 vulnerabilities (3 low, 23 moderate, 24 high)

To address issues that do not require attention, run:
  npm audit fix

To address all issues (including breaking changes), run:
  npm audit fix --force

Run `npm audit` for details.
[2025-11-15 21:56:58] RUN: npm run build
npm error Missing script: "build"
npm error
npm error To see a list of scripts, run:
npm error   npm run
npm error A complete log of this run can be found in: /data/data/com.termux/files/home/.npm/_logs/2025-11-15T16_26_58_713Z-debug-0.log
[2025-11-15 21:56:58] ERROR: npm run build failed
[2025-11-15 21:57:00] ----- 🚀 Aikya Autopilot START 2025-11-15 21:57:00 -----
[2025-11-15 21:57:00] RUN: git pull --rebase
error: cannot pull with rebase: You have unstaged changes.
error: Please commit or stash them.
[2025-11-15 21:57:02] ERROR: git pull --rebase failed
[2025-11-15 21:57:02] RUN: npm install --legacy-peer-deps
npm warn EBADENGINE Unsupported engine {
npm warn EBADENGINE   package: 'superstatic@9.2.0',
npm warn EBADENGINE   required: { node: '18 || 20 || 22' },
npm warn EBADENGINE   current: { node: 'v24.9.0', npm: '11.6.0' }
npm warn EBADENGINE }

up to date, audited 2350 packages in 14s

249 packages are looking for funding
  run `npm fund` for details

50 vulnerabilities (3 low, 23 moderate, 24 high)

To address issues that do not require attention, run:
  npm audit fix

To address all issues (including breaking changes), run:
  npm audit fix --force

Run `npm audit` for details.
[2025-11-15 21:57:18] RUN: npm run build
npm error Missing script: "build"
npm error
npm error To see a list of scripts, run:
npm error   npm run
npm error A complete log of this run can be found in: /data/data/com.termux/files/home/.npm/_logs/2025-11-15T16_27_18_646Z-debug-0.log
[2025-11-15 21:57:18] ERROR: npm run build failed
[2025-11-15 21:57:19] ----- 🚀 Aikya Autopilot START 2025-11-15 21:57:19 -----
[2025-11-15 21:57:19] RUN: git pull --rebase
error: cannot pull with rebase: You have unstaged changes.
error: Please commit or stash them.
[2025-11-15 21:57:23] ERROR: git pull --rebase failed
[2025-11-15 21:57:23] RUN: npm install --legacy-peer-deps
npm warn EBADENGINE Unsupported engine {
npm warn EBADENGINE   package: 'superstatic@9.2.0',
npm warn EBADENGINE   required: { node: '18 || 20 || 22' },
npm warn EBADENGINE   current: { node: 'v24.9.0', npm: '11.6.0' }
npm warn EBADENGINE }

up to date, audited 2350 packages in 16s

249 packages are looking for funding
  run `npm fund` for details

50 vulnerabilities (3 low, 23 moderate, 24 high)

To address issues that do not require attention, run:
  npm audit fix

To address all issues (including breaking changes), run:
  npm audit fix --force

Run `npm audit` for details.
[2025-11-15 21:57:40] RUN: npm run build
npm error Missing script: "build"
npm error
npm error To see a list of scripts, run:
npm error   npm run
npm error A complete log of this run can be found in: /data/data/com.termux/files/home/.npm/_logs/2025-11-15T16_27_41_352Z-debug-0.log
[2025-11-15 21:57:41] ERROR: npm run build failed
[2025-11-15 21:57:49] ----- 🚀 Aikya Autopilot START 2025-11-15 21:57:49 -----
[2025-11-15 21:57:49] RUN: git pull --rebase
error: cannot pull with rebase: You have unstaged changes.
error: Please commit or stash them.
[2025-11-15 21:57:52] ERROR: git pull --rebase failed
[2025-11-15 21:57:52] RUN: npm install --legacy-peer-deps
npm warn EBADENGINE Unsupported engine {
npm warn EBADENGINE   package: 'superstatic@9.2.0',
npm warn EBADENGINE   required: { node: '18 || 20 || 22' },
npm warn EBADENGINE   current: { node: 'v24.9.0', npm: '11.6.0' }
npm warn EBADENGINE }

up to date, audited 2350 packages in 21s

249 packages are looking for funding
  run `npm fund` for details

50 vulnerabilities (3 low, 23 moderate, 24 high)

To address issues that do not require attention, run:
  npm audit fix

To address all issues (including breaking changes), run:
  npm audit fix --force

Run `npm audit` for details.
[2025-11-15 21:58:14] RUN: npm run build
npm error Missing script: "build"
npm error
npm error To see a list of scripts, run:
npm error   npm run
npm error A complete log of this run can be found in: /data/data/com.termux/files/home/.npm/_logs/2025-11-15T16_28_14_647Z-debug-0.log
[2025-11-15 21:58:14] ERROR: npm run build failed
[2025-11-15 21:58:17] ----- 🚀 Aikya Autopilot START 2025-11-15 21:58:17 -----
[2025-11-15 21:58:17] RUN: git pull --rebase
error: cannot pull with rebase: You have unstaged changes.
error: Please commit or stash them.
[2025-11-15 21:58:20] ERROR: git pull --rebase failed
[2025-11-15 21:58:20] RUN: npm install --legacy-peer-deps
npm warn EBADENGINE Unsupported engine {
npm warn EBADENGINE   package: 'superstatic@9.2.0',
npm warn EBADENGINE   required: { node: '18 || 20 || 22' },
npm warn EBADENGINE   current: { node: 'v24.9.0', npm: '11.6.0' }
npm warn EBADENGINE }

up to date, audited 2350 packages in 14s

249 packages are looking for funding
  run `npm fund` for details

50 vulnerabilities (3 low, 23 moderate, 24 high)

To address issues that do not require attention, run:
  npm audit fix

To address all issues (including breaking changes), run:
  npm audit fix --force

Run `npm audit` for details.
[2025-11-15 21:58:35] RUN: npm run build
npm error Missing script: "build"
npm error
npm error To see a list of scripts, run:
npm error   npm run
npm error A complete log of this run can be found in: /data/data/com.termux/files/home/.npm/_logs/2025-11-15T16_28_36_142Z-debug-0.log
[2025-11-15 21:58:36] ERROR: npm run build failed
[2025-11-15 21:58:40] ----- 🚀 Aikya Autopilot START 2025-11-15 21:58:40 -----
[2025-11-15 21:58:40] RUN: git pull --rebase
error: cannot pull with rebase: You have unstaged changes.
error: Please commit or stash them.
[2025-11-15 21:58:42] ERROR: git pull --rebase failed
[2025-11-15 21:58:42] RUN: npm install --legacy-peer-deps
npm warn EBADENGINE Unsupported engine {
npm warn EBADENGINE   package: 'superstatic@9.2.0',
npm warn EBADENGINE   required: { node: '18 || 20 || 22' },
npm warn EBADENGINE   current: { node: 'v24.9.0', npm: '11.6.0' }
npm warn EBADENGINE }

up to date, audited 2350 packages in 29s

249 packages are looking for funding
  run `npm fund` for details

50 vulnerabilities (3 low, 23 moderate, 24 high)

To address issues that do not require attention, run:
  npm audit fix

To address all issues (including breaking changes), run:
  npm audit fix --force

Run `npm audit` for details.
[2025-11-15 21:59:12] RUN: npm run build
npm error Missing script: "build"
npm error
npm error To see a list of scripts, run:
npm error   npm run
npm error A complete log of this run can be found in: /data/data/com.termux/files/home/.npm/_logs/2025-11-15T16_29_13_064Z-debug-0.log
[2025-11-15 21:59:13] ERROR: npm run build failed
[2025-11-15 21:59:17] ----- 🚀 Aikya Autopilot START 2025-11-15 21:59:17 -----
[2025-11-15 21:59:17] RUN: git pull --rebase
error: cannot pull with rebase: You have unstaged changes.
error: Please commit or stash them.
[2025-11-15 21:59:20] ERROR: git pull --rebase failed
[2025-11-15 21:59:20] RUN: npm install --legacy-peer-deps
npm warn EBADENGINE Unsupported engine {
npm warn EBADENGINE   package: 'superstatic@9.2.0',
npm warn EBADENGINE   required: { node: '18 || 20 || 22' },
npm warn EBADENGINE   current: { node: 'v24.9.0', npm: '11.6.0' }
npm warn EBADENGINE }

up to date, audited 2350 packages in 12s

249 packages are looking for funding
  run `npm fund` for details

50 vulnerabilities (3 low, 23 moderate, 24 high)

To address issues that do not require attention, run:
  npm audit fix

To address all issues (including breaking changes), run:
  npm audit fix --force

Run `npm audit` for details.
[2025-11-15 21:59:33] RUN: npm run build
npm error Missing script: "build"
npm error
npm error To see a list of scripts, run:
npm error   npm run
npm error A complete log of this run can be found in: /data/data/com.termux/files/home/.npm/_logs/2025-11-15T16_29_33_697Z-debug-0.log
[2025-11-15 21:59:33] ERROR: npm run build failed
[2025-11-15 21:59:41] ----- 🚀 Aikya Autopilot START 2025-11-15 21:59:41 -----
[2025-11-15 21:59:41] RUN: git pull --rebase
error: cannot pull with rebase: You have unstaged changes.
error: Please commit or stash them.
[2025-11-15 21:59:43] ERROR: git pull --rebase failed
[2025-11-15 21:59:43] RUN: npm install --legacy-peer-deps
npm warn EBADENGINE Unsupported engine {
npm warn EBADENGINE   package: 'superstatic@9.2.0',
npm warn EBADENGINE   required: { node: '18 || 20 || 22' },
npm warn EBADENGINE   current: { node: 'v24.9.0', npm: '11.6.0' }
npm warn EBADENGINE }

up to date, audited 2350 packages in 16s

249 packages are looking for funding
  run `npm fund` for details

50 vulnerabilities (3 low, 23 moderate, 24 high)

To address issues that do not require attention, run:
  npm audit fix

To address all issues (including breaking changes), run:
  npm audit fix --force

Run `npm audit` for details.
[2025-11-15 21:59:59] RUN: npm run build
npm error Missing script: "build"
npm error
npm error To see a list of scripts, run:
npm error   npm run
npm error A complete log of this run can be found in: /data/data/com.termux/files/home/.npm/_logs/2025-11-15T16_30_00_592Z-debug-0.log
[2025-11-15 22:00:01] ERROR: npm run build failed
[2025-11-15 22:00:01] ----- 🚀 Aikya Autopilot START 2025-11-15 22:00:01 -----
[2025-11-15 22:00:01] RUN: git pull --rebase
error: cannot pull with rebase: You have unstaged changes.
error: Please commit or stash them.
[2025-11-15 22:00:04] ERROR: git pull --rebase failed
[2025-11-15 22:00:04] RUN: npm install --legacy-peer-deps
npm warn EBADENGINE Unsupported engine {
npm warn EBADENGINE   package: 'superstatic@9.2.0',
npm warn EBADENGINE   required: { node: '18 || 20 || 22' },
npm warn EBADENGINE   current: { node: 'v24.9.0', npm: '11.6.0' }
npm warn EBADENGINE }

up to date, audited 2350 packages in 17s

249 packages are looking for funding
  run `npm fund` for details

50 vulnerabilities (3 low, 23 moderate, 24 high)

To address issues that do not require attention, run:
  npm audit fix

To address all issues (including breaking changes), run:
  npm audit fix --force

Run `npm audit` for details.
[2025-11-15 22:00:22] RUN: npm run build
npm error Missing script: "build"
npm error
npm error To see a list of scripts, run:
npm error   npm run
npm error A complete log of this run can be found in: /data/data/com.termux/files/home/.npm/_logs/2025-11-15T16_30_23_374Z-debug-0.log
[2025-11-15 22:00:23] ERROR: npm run build failed
[2025-11-15 22:00:31] ----- 🚀 Aikya Autopilot START 2025-11-15 22:00:31 -----
[2025-11-15 22:00:31] RUN: git pull --rebase
error: cannot pull with rebase: You have unstaged changes.
error: Please commit or stash them.
[2025-11-15 22:00:34] ERROR: git pull --rebase failed
[2025-11-15 22:00:34] RUN: npm install --legacy-peer-deps
npm warn EBADENGINE Unsupported engine {
npm warn EBADENGINE   package: 'superstatic@9.2.0',
npm warn EBADENGINE   required: { node: '18 || 20 || 22' },
npm warn EBADENGINE   current: { node: 'v24.9.0', npm: '11.6.0' }
npm warn EBADENGINE }

up to date, audited 2350 packages in 36s

249 packages are looking for funding
  run `npm fund` for details

50 vulnerabilities (3 low, 23 moderate, 24 high)

To address issues that do not require attention, run:
  npm audit fix

To address all issues (including breaking changes), run:
  npm audit fix --force

Run `npm audit` for details.
[2025-11-15 22:01:12] RUN: npm run build
npm error Missing script: "build"
npm error
npm error To see a list of scripts, run:
npm error   npm run
npm error A complete log of this run can be found in: /data/data/com.termux/files/home/.npm/_logs/2025-11-15T16_31_12_503Z-debug-0.log
[2025-11-15 22:01:12] ERROR: npm run build failed
[2025-11-15 22:01:18] ----- 🚀 Aikya Autopilot START 2025-11-15 22:01:18 -----
[2025-11-15 22:01:18] RUN: git pull --rebase
error: cannot pull with rebase: You have unstaged changes.
error: Please commit or stash them.
[2025-11-15 22:01:20] ERROR: git pull --rebase failed
[2025-11-15 22:01:20] RUN: npm install --legacy-peer-deps
npm warn EBADENGINE Unsupported engine {
npm warn EBADENGINE   package: 'superstatic@9.2.0',
npm warn EBADENGINE   required: { node: '18 || 20 || 22' },
npm warn EBADENGINE   current: { node: 'v24.9.0', npm: '11.6.0' }
npm warn EBADENGINE }

up to date, audited 2350 packages in 18s

249 packages are looking for funding
  run `npm fund` for details

50 vulnerabilities (3 low, 23 moderate, 24 high)

To address issues that do not require attention, run:
  npm audit fix

To address all issues (including breaking changes), run:
  npm audit fix --force

Run `npm audit` for details.
[2025-11-15 22:01:39] RUN: npm run build
npm error Missing script: "build"
npm error
npm error To see a list of scripts, run:
npm error   npm run
npm error A complete log of this run can be found in: /data/data/com.termux/files/home/.npm/_logs/2025-11-15T16_31_39_340Z-debug-0.log
[2025-11-15 22:01:39] ERROR: npm run build failed
[2025-11-15 22:01:42] ----- 🚀 Aikya Autopilot START 2025-11-15 22:01:42 -----
[2025-11-15 22:01:42] RUN: git pull --rebase
error: cannot pull with rebase: You have unstaged changes.
error: Please commit or stash them.
[2025-11-15 22:01:43] ERROR: git pull --rebase failed
[2025-11-15 22:01:43] RUN: npm install --legacy-peer-deps
npm warn EBADENGINE Unsupported engine {
npm warn EBADENGINE   package: 'superstatic@9.2.0',
npm warn EBADENGINE   required: { node: '18 || 20 || 22' },
npm warn EBADENGINE   current: { node: 'v24.9.0', npm: '11.6.0' }
npm warn EBADENGINE }

up to date, audited 2350 packages in 14s

249 packages are looking for funding
  run `npm fund` for details

50 vulnerabilities (3 low, 23 moderate, 24 high)

To address issues that do not require attention, run:
  npm audit fix

To address all issues (including breaking changes), run:
  npm audit fix --force

Run `npm audit` for details.
[2025-11-15 22:01:58] RUN: npm run build
npm error Missing script: "build"
npm error
npm error To see a list of scripts, run:
npm error   npm run
npm error A complete log of this run can be found in: /data/data/com.termux/files/home/.npm/_logs/2025-11-15T16_31_59_222Z-debug-0.log
[2025-11-15 22:01:59] ERROR: npm run build failed
[2025-11-15 22:02:02] ----- 🚀 Aikya Autopilot START 2025-11-15 22:02:02 -----
[2025-11-15 22:02:02] RUN: git pull --rebase
error: cannot pull with rebase: You have unstaged changes.
error: Please commit or stash them.
[2025-11-15 22:02:06] ERROR: git pull --rebase failed
[2025-11-15 22:02:06] RUN: npm install --legacy-peer-deps
npm warn EBADENGINE Unsupported engine {
npm warn EBADENGINE   package: 'superstatic@9.2.0',
npm warn EBADENGINE   required: { node: '18 || 20 || 22' },
npm warn EBADENGINE   current: { node: 'v24.9.0', npm: '11.6.0' }
npm warn EBADENGINE }
npm warn deprecated inflight@1.0.6: This module is not supported, and leaks memory. Do not use it. Check out lru-cache if you want a good and tested way to coalesce async requests by a key value, which is much more comprehensive and powerful.
npm warn deprecated lodash.get@4.4.2: This package is deprecated. Use the optional chaining (?.) operator instead.
npm warn deprecated rimraf@2.4.5: Rimraf versions prior to v4 are no longer supported
npm warn deprecated @oclif/screen@3.0.8: Package no longer supported. Contact Support at https://www.npmjs.com/support for more info.
npm warn deprecated glob@6.0.4: Glob versions prior to v9 are no longer supported
npm warn deprecated sudo-prompt@9.1.1: Package no longer supported. Contact Support at https://www.npmjs.com/support for more info.
npm warn deprecated @xmldom/xmldom@0.7.13: this version is no longer supported, please update to at least 0.8.*
npm warn deprecated node-domexception@1.0.0: Use your platform's native DOMException instead
npm warn deprecated stable@0.1.8: Modern JS already guarantees Array#sort() is a stable sort, so this library is deprecated. See the compatibility table on MDN: https://developer.mozilla.org/en-US/docs/Web/JavaScript/Reference/Global_Objects/Array/sort#browser_compatibility
npm warn deprecated rimraf@3.0.2: Rimraf versions prior to v4 are no longer supported
npm warn deprecated uglify-es@3.3.10: support for ECMAScript is superseded by `uglify-js` as of v3.13.0
npm warn deprecated osenv@0.1.5: This package is no longer supported.
npm warn deprecated metro-react-native-babel-preset@0.76.8: Use @react-native/babel-preset instead
npm warn deprecated abab@2.0.6: Use your platform's native atob() and btoa() methods instead
npm warn deprecated @npmcli/move-file@1.1.2: This functionality has been moved to @npmcli/fs
npm warn deprecated @babel/plugin-proposal-export-namespace-from@7.18.9: This proposal has been merged to the ECMAScript standard and thus this plugin is no longer maintained. Please use @babel/plugin-transform-export-namespace-from instead.
npm warn deprecated @babel/plugin-proposal-optional-chaining@7.21.0: This proposal has been merged to the ECMAScript standard and thus this plugin is no longer maintained. Please use @babel/plugin-transform-optional-chaining instead.
npm warn deprecated @babel/plugin-proposal-async-generator-functions@7.20.7: This proposal has been merged to the ECMAScript standard and thus this plugin is no longer maintained. Please use @babel/plugin-transform-async-generator-functions instead.
npm warn deprecated @babel/plugin-proposal-nullish-coalescing-operator@7.18.6: This proposal has been merged to the ECMAScript standard and thus this plugin is no longer maintained. Please use @babel/plugin-transform-nullish-coalescing-operator instead.
npm warn deprecated @babel/plugin-proposal-optional-catch-binding@7.18.6: This proposal has been merged to the ECMAScript standard and thus this plugin is no longer maintained. Please use @babel/plugin-transform-optional-catch-binding instead.
npm warn deprecated @babel/plugin-proposal-object-rest-spread@7.20.7: This proposal has been merged to the ECMAScript standard and thus this plugin is no longer maintained. Please use @babel/plugin-transform-object-rest-spread instead.
npm warn deprecated @babel/plugin-proposal-class-properties@7.18.6: This proposal has been merged to the ECMAScript standard and thus this plugin is no longer maintained. Please use @babel/plugin-transform-class-properties instead.
npm warn deprecated @babel/plugin-proposal-numeric-separator@7.18.6: This proposal has been merged to the ECMAScript standard and thus this plugin is no longer maintained. Please use @babel/plugin-transform-numeric-separator instead.
npm warn deprecated glob@7.1.6: Glob versions prior to v9 are no longer supported
npm warn deprecated rimraf@2.6.3: Rimraf versions prior to v4 are no longer supported
npm warn deprecated glob@7.2.3: Glob versions prior to v9 are no longer supported
npm warn deprecated glob@7.2.3: Glob versions prior to v9 are no longer supported
npm warn deprecated glob@7.1.6: Glob versions prior to v9 are no longer supported
npm warn deprecated glob@7.1.6: Glob versions prior to v9 are no longer supported
npm warn deprecated glob@7.1.6: Glob versions prior to v9 are no longer supported
npm warn deprecated uuid@3.4.0: Please upgrade  to version 7 or higher.  Older versions may use Math.random() in certain circumstances, which is known to be problematic.  See https://v8.dev/blog/math-random for details.
npm warn deprecated uuid@3.4.0: Please upgrade  to version 7 or higher.  Older versions may use Math.random() in certain circumstances, which is known to be problematic.  See https://v8.dev/blog/math-random for details.
npm warn deprecated glob@7.1.6: Glob versions prior to v9 are no longer supported
npm warn deprecated glob@7.1.6: Glob versions prior to v9 are no longer supported
npm warn deprecated rimraf@2.7.1: Rimraf versions prior to v4 are no longer supported
npm warn deprecated uuid@3.4.0: Please upgrade  to version 7 or higher.  Older versions may use Math.random() in certain circumstances, which is known to be problematic.  See https://v8.dev/blog/math-random for details.
npm warn deprecated glob@7.2.3: Glob versions prior to v9 are no longer supported
npm warn deprecated glob@7.2.3: Glob versions prior to v9 are no longer supported
npm warn deprecated glob@7.2.3: Glob versions prior to v9 are no longer supported
npm warn deprecated glob@7.2.3: Glob versions prior to v9 are no longer supported
npm warn deprecated glob@7.2.3: Glob versions prior to v9 are no longer supported
npm warn deprecated glob@7.2.3: Glob versions prior to v9 are no longer supported
npm warn deprecated glob@7.1.6: Glob versions prior to v9 are no longer supported
npm warn deprecated glob@7.1.6: Glob versions prior to v9 are no longer supported

> dtrace-provider@0.8.8 install
> node-gyp rebuild || node suppress-error.js

gyp info it worked if it ends with ok
gyp info using node-gyp@11.5.0
gyp info using node@24.9.0 | android | arm64
gyp info find Python using Python version 3.12.12 found at "/data/data/com.termux/files/usr/bin/python3"

gyp info spawn /data/data/com.termux/files/usr/bin/python3
gyp info spawn args [
gyp info spawn args '/data/data/com.termux/files/home/aikya/Aikya-autopilot-upload/node_modules/node-gyp/gyp/gyp_main.py',
gyp info spawn args 'binding.gyp',
gyp info spawn args '-f',
gyp info spawn args 'make',
gyp info spawn args '-I',
gyp info spawn args '/data/data/com.termux/files/home/aikya/Aikya-autopilot-upload/node_modules/dtrace-provider/build/config.gypi',
gyp info spawn args '-I',
gyp info spawn args '/data/data/com.termux/files/home/aikya/Aikya-autopilot-upload/node_modules/node-gyp/addon.gypi',
gyp info spawn args '-I',
gyp info spawn args '/data/data/com.termux/files/home/.cache/node-gyp/24.9.0/include/node/common.gypi',
gyp info spawn args '-Dlibrary=shared_library',
gyp info spawn args '-Dvisibility=default',
gyp info spawn args '-Dnode_root_dir=/data/data/com.termux/files/home/.cache/node-gyp/24.9.0',
gyp info spawn args '-Dnode_gyp_dir=/data/data/com.termux/files/home/aikya/Aikya-autopilot-upload/node_modules/node-gyp',
gyp info spawn args '-Dnode_lib_file=/data/data/com.termux/files/home/.cache/node-gyp/24.9.0/<(target_arch)/node.lib',
gyp info spawn args '-Dmodule_root_dir=/data/data/com.termux/files/home/aikya/Aikya-autopilot-upload/node_modules/dtrace-provider',
gyp info spawn args '-Dnode_engine=v8',
gyp info spawn args '--depth=.',
gyp info spawn args '--no-parallel',
gyp info spawn args '--generator-output',
gyp info spawn args 'build',
gyp info spawn args '-Goutput_dir=.'
gyp info spawn args ]
gyp: Undefined variable android_ndk_path in binding.gyp while trying to load binding.gyp
gyp ERR! configure error 
gyp ERR! stack Error: `gyp` failed with exit code: 1
gyp ERR! stack at ChildProcess.<anonymous> (/data/data/com.termux/files/home/aikya/Aikya-autopilot-upload/node_modules/node-gyp/lib/configure.js:317:18)
gyp ERR! stack at ChildProcess.emit (node:events:508:28)
gyp ERR! stack at ChildProcess._handle.onexit (node:internal/child_process:294:12)
gyp ERR! System Linux 5.10.209-android12-9-00019-g4ea09a298bb4-ab12292661
gyp ERR! command "/data/data/com.termux/files/usr/bin/node" "/data/data/com.termux/files/home/aikya/Aikya-autopilot-upload/node_modules/.bin/node-gyp" "rebuild"
gyp ERR! cwd /data/data/com.termux/files/home/aikya/Aikya-autopilot-upload/node_modules/dtrace-provider
gyp ERR! node -v v24.9.0
gyp ERR! node-gyp -v v11.5.0
gyp ERR! not ok 

> re2@1.22.1 install
> install-from-cache --artifact build/Release/re2.node --host-var RE2_DOWNLOAD_MIRROR --skip-path-var RE2_DOWNLOAD_SKIP_PATH --skip-ver-var RE2_DOWNLOAD_SKIP_VER || node-gyp -j max rebuild

Trying https://github.com/uhop/node-re2/releases/download/1.22.1/android-arm64-137.br ...
Trying https://github.com/uhop/node-re2/releases/download/1.22.1/android-arm64-137.gz ...
Trying https://github.com/uhop/node-re2/releases/download/1.22.1/android-arm64-137 ...
Building locally ...

> re2@1.22.1 rebuild
> node-gyp -j max rebuild

gyp info it worked if it ends with ok
gyp info using node-gyp@11.5.0
gyp info using node@24.9.0 | android | arm64
gyp info find Python using Python version 3.12.12 found at "/data/data/com.termux/files/usr/bin/python3"

gyp info spawn /data/data/com.termux/files/usr/bin/python3
gyp info spawn args [
gyp info spawn args '/data/data/com.termux/files/home/aikya/Aikya-autopilot-upload/node_modules/node-gyp/gyp/gyp_main.py',
gyp info spawn args 'binding.gyp',
gyp info spawn args '-f',
gyp info spawn args 'make',
gyp info spawn args '-I',
gyp info spawn args '/data/data/com.termux/files/home/aikya/Aikya-autopilot-upload/node_modules/re2/build/config.gypi',
gyp info spawn args '-I',
gyp info spawn args '/data/data/com.termux/files/home/aikya/Aikya-autopilot-upload/node_modules/node-gyp/addon.gypi',
gyp info spawn args '-I',
gyp info spawn args '/data/data/com.termux/files/home/.cache/node-gyp/24.9.0/include/node/common.gypi',
gyp info spawn args '-Dlibrary=shared_library',
gyp info spawn args '-Dvisibility=default',
gyp info spawn args '-Dnode_root_dir=/data/data/com.termux/files/home/.cache/node-gyp/24.9.0',
gyp info spawn args '-Dnode_gyp_dir=/data/data/com.termux/files/home/aikya/Aikya-autopilot-upload/node_modules/node-gyp',
gyp info spawn args '-Dnode_lib_file=/data/data/com.termux/files/home/.cache/node-gyp/24.9.0/<(target_arch)/node.lib',
gyp info spawn args '-Dmodule_root_dir=/data/data/com.termux/files/home/aikya/Aikya-autopilot-upload/node_modules/re2',
gyp info spawn args '-Dnode_engine=v8',
gyp info spawn args '--depth=.',
gyp info spawn args '--no-parallel',
gyp info spawn args '--generator-output',
gyp info spawn args 'build',
gyp info spawn args '-Goutput_dir=.'
gyp info spawn args ]
gyp: Undefined variable android_ndk_path in binding.gyp while trying to load binding.gyp
gyp ERR! configure error 
gyp ERR! stack Error: `gyp` failed with exit code: 1
gyp ERR! stack at ChildProcess.<anonymous> (/data/data/com.termux/files/home/aikya/Aikya-autopilot-upload/node_modules/node-gyp/lib/configure.js:317:18)
gyp ERR! stack at ChildProcess.emit (node:events:508:28)
gyp ERR! stack at ChildProcess._handle.onexit (node:internal/child_process:294:12)
gyp ERR! System Linux 5.10.209-android12-9-00019-g4ea09a298bb4-ab12292661
gyp ERR! command "/data/data/com.termux/files/usr/bin/node" "/data/data/com.termux/files/home/aikya/Aikya-autopilot-upload/node_modules/.bin/node-gyp" "-j" "max" "rebuild"
gyp ERR! cwd /data/data/com.termux/files/home/aikya/Aikya-autopilot-upload/node_modules/re2
gyp ERR! node -v v24.9.0
gyp ERR! node-gyp -v v11.5.0
gyp ERR! not ok 
node:internal/process/promises:392
      new UnhandledPromiseRejection(reason);
      ^

UnhandledPromiseRejection: This error originated either by throwing inside of an async function without a catch block, or by rejecting a promise which was not handled with .catch(). The promise rejected with the reason "1".
    at throwUnhandledRejectionsMode (node:internal/process/promises:392:7)
    at processPromiseRejections (node:internal/process/promises:475:17)
    at process.processTicksAndRejections (node:internal/process/task_queues:106:32) {
  code: 'ERR_UNHANDLED_REJECTION'
}

Node.js v24.9.0
gyp info it worked if it ends with ok
gyp info using node-gyp@11.5.0
gyp info using node@24.9.0 | android | arm64
gyp info find Python using Python version 3.12.12 found at "/data/data/com.termux/files/usr/bin/python3"

gyp info spawn /data/data/com.termux/files/usr/bin/python3
gyp info spawn args [
gyp info spawn args '/data/data/com.termux/files/home/aikya/Aikya-autopilot-upload/node_modules/node-gyp/gyp/gyp_main.py',
gyp info spawn args 'binding.gyp',
gyp info spawn args '-f',
gyp info spawn args 'make',
gyp info spawn args '-I',
gyp info spawn args '/data/data/com.termux/files/home/aikya/Aikya-autopilot-upload/node_modules/re2/build/config.gypi',
gyp info spawn args '-I',
gyp info spawn args '/data/data/com.termux/files/home/aikya/Aikya-autopilot-upload/node_modules/node-gyp/addon.gypi',
gyp info spawn args '-I',
gyp info spawn args '/data/data/com.termux/files/home/.cache/node-gyp/24.9.0/include/node/common.gypi',
gyp info spawn args '-Dlibrary=shared_library',
gyp info spawn args '-Dvisibility=default',
gyp info spawn args '-Dnode_root_dir=/data/data/com.termux/files/home/.cache/node-gyp/24.9.0',
gyp info spawn args '-Dnode_gyp_dir=/data/data/com.termux/files/home/aikya/Aikya-autopilot-upload/node_modules/node-gyp',
gyp info spawn args '-Dnode_lib_file=/data/data/com.termux/files/home/.cache/node-gyp/24.9.0/<(target_arch)/node.lib',
gyp info spawn args '-Dmodule_root_dir=/data/data/com.termux/files/home/aikya/Aikya-autopilot-upload/node_modules/re2',
gyp info spawn args '-Dnode_engine=v8',
gyp info spawn args '--depth=.',
gyp info spawn args '--no-parallel',
gyp info spawn args '--generator-output',
gyp info spawn args 'build',
gyp info spawn args '-Goutput_dir=.'
gyp info spawn args ]
gyp: Undefined variable android_ndk_path in binding.gyp while trying to load binding.gyp
gyp ERR! configure error 
gyp ERR! stack Error: `gyp` failed with exit code: 1
gyp ERR! stack at ChildProcess.<anonymous> (/data/data/com.termux/files/home/aikya/Aikya-autopilot-upload/node_modules/node-gyp/lib/configure.js:317:18)
gyp ERR! stack at ChildProcess.emit (node:events:508:28)
gyp ERR! stack at ChildProcess._handle.onexit (node:internal/child_process:294:12)
gyp ERR! System Linux 5.10.209-android12-9-00019-g4ea09a298bb4-ab12292661
gyp ERR! command "/data/data/com.termux/files/usr/bin/node" "/data/data/com.termux/files/home/aikya/Aikya-autopilot-upload/node_modules/.bin/node-gyp" "-j" "max" "rebuild"
gyp ERR! cwd /data/data/com.termux/files/home/aikya/Aikya-autopilot-upload/node_modules/re2
gyp ERR! node -v v24.9.0
gyp ERR! node-gyp -v v11.5.0
gyp ERR! not ok 

> protobufjs@7.5.4 postinstall
> node scripts/postinstall


added 2349 packages, and audited 2350 packages in 5m

249 packages are looking for funding
  run `npm fund` for details

50 vulnerabilities (3 low, 23 moderate, 24 high)

To address issues that do not require attention, run:
  npm audit fix

To address all issues (including breaking changes), run:
  npm audit fix --force

Run `npm audit` for details.
