[GitWatch] Run at Sat Nov 15 09:35:00 IST 2025
origin	https://github.com/manender-coder/Aikya-autopilot-upload.git (fetch)
origin	https://github.com/manender-coder/Aikya-autopilot-upload.git (push)
[GitWatch] Up to date
[GitWatch] Done
[GitWatch] Run at Sat Nov 15 09:40:00 IST 2025
origin	https://github.com/manender-coder/Aikya-autopilot-upload.git (fetch)
origin	https://github.com/manender-coder/Aikya-autopilot-upload.git (push)
[GitWatch] Up to date
[GitWatch] Done
[GitWatch] Run at Sat Nov 15 09:45:00 IST 2025
origin	https://github.com/manender-coder/Aikya-autopilot-upload.git (fetch)
origin	https://github.com/manender-coder/Aikya-autopilot-upload.git (push)
[GitWatch] Up to date
[GitWatch] Done
[GitWatch] Run at Sat Nov 15 09:50:00 IST 2025
origin	https://github.com/manender-coder/Aikya-autopilot-upload.git (fetch)
origin	https://github.com/manender-coder/Aikya-autopilot-upload.git (push)
[GitWatch] Up to date
[GitWatch] Done
[GitWatch] Run at Sat Nov 15 09:55:00 IST 2025
origin	https://github.com/manender-coder/Aikya-autopilot-upload.git (fetch)
origin	https://github.com/manender-coder/Aikya-autopilot-upload.git (push)
[GitWatch] Up to date
[GitWatch] Done
[GitWatch] Run at Sat Nov 15 10:00:00 IST 2025
origin	https://github.com/manender-coder/Aikya-autopilot-upload.git (fetch)
origin	https://github.com/manender-coder/Aikya-autopilot-upload.git (push)
[GitWatch] Up to date
[GitWatch] Done
[GitWatch] Run at Sat Nov 15 10:05:00 IST 2025
origin	https://github.com/manender-coder/Aikya-autopilot-upload.git (fetch)
origin	https://github.com/manender-coder/Aikya-autopilot-upload.git (push)
[GitWatch] Up to date
[GitWatch] Done
[GitWatch] Run at Sat Nov 15 10:10:00 IST 2025
origin	https://github.com/manender-coder/Aikya-autopilot-upload.git (fetch)
origin	https://github.com/manender-coder/Aikya-autopilot-upload.git (push)
[GitWatch] Up to date
[GitWatch] Done
[GitWatch] Run at Sat Nov 15 10:15:00 IST 2025
origin	https://github.com/manender-coder/Aikya-autopilot-upload.git (fetch)
origin	https://github.com/manender-coder/Aikya-autopilot-upload.git (push)
[GitWatch] Up to date
[GitWatch] Done
[GitWatch] Run at Sat Nov 15 21:47:15 IST 2025
[GitWatch] Up to date
[GitWatch] Run at Sat Nov 15 21:48:05 IST 2025
[GitWatch] Up to date
[GitWatch] Run at Sat Nov 15 21:49:04 IST 2025
[GitWatch] Up to date
[GitWatch] Run at Sat Nov 15 21:50:00 IST 2025
[GitWatch] Up to date
[GitWatch] Run at Sat Nov 15 21:51:15 IST 2025
[GitWatch] Up to date
[GitWatch] Run at Sat Nov 15 21:51:25 IST 2025
[GitWatch] Up to date
[GitWatch] Run at Sat Nov 15 21:51:35 IST 2025
[GitWatch] Up to date
[GitWatch] Run at Sat Nov 15 21:51:45 IST 2025
[GitWatch] Up to date
[GitWatch] Run at Sat Nov 15 21:51:55 IST 2025
[GitWatch] Up to date
[GitWatch] Run at Sat Nov 15 21:52:06 IST 2025
[GitWatch] Up to date
[GitWatch] Run at Sat Nov 15 21:52:15 IST 2025
[GitWatch] Up to date
[GitWatch] Run at Sat Nov 15 21:52:25 IST 2025
[GitWatch] Up to date
[GitWatch] Run at Sat Nov 15 21:52:35 IST 2025
[GitWatch] Up to date
[GitWatch] Run at Sat Nov 15 21:52:45 IST 2025
[GitWatch] Up to date
[GitWatch] Run at Sat Nov 15 21:52:55 IST 2025
[GitWatch] Up to date
[GitWatch] Run at Sat Nov 15 21:53:05 IST 2025
[GitWatch] Up to date
[GitWatch] Run at Sat Nov 15 21:53:15 IST 2025
[GitWatch] Up to date
[GitWatch] Run at Sat Nov 15 21:53:26 IST 2025
[GitWatch] Up to date
[GitWatch] Run at Sat Nov 15 21:53:36 IST 2025
[GitWatch] Up to date
[GitWatch] Run at Sat Nov 15 21:53:46 IST 2025
[GitWatch] Up to date
[GitWatch] Run at Sat Nov 15 21:53:56 IST 2025
[GitWatch] Up to date
[GitWatch] Run at Sat Nov 15 21:54:06 IST 2025
[GitWatch] Up to date
[GitWatch] Run at Sat Nov 15 21:54:16 IST 2025
[GitWatch] Up to date
[GitWatch] Run at Sat Nov 15 21:54:27 IST 2025
[GitWatch] Up to date
[GitWatch] Run at Sat Nov 15 21:54:37 IST 2025
[GitWatch] Up to date
[GitWatch] Run at Sat Nov 15 21:54:47 IST 2025
[GitWatch] Up to date
[GitWatch] Run at Sat Nov 15 21:54:57 IST 2025
[GitWatch] Up to date
[GitWatch] Run at Sat Nov 15 21:55:01 IST 2025
[GitWatch] Up to date
[GitWatch] Run at Sat Nov 15 21:55:07 IST 2025
[GitWatch] Up to date
[GitWatch] Run at Sat Nov 15 21:55:17 IST 2025
[GitWatch] Up to date
[GitWatch] Run at Sat Nov 15 21:55:27 IST 2025
[GitWatch] Up to date
[GitWatch] Run at Sat Nov 15 21:55:38 IST 2025
[GitWatch] Up to date
[GitWatch] Run at Sat Nov 15 21:55:48 IST 2025
[GitWatch] Up to date
nohup: ignoring input
[GitWatch] Run at Sat Nov 15 21:55:52 IST 2025
[GitWatch] Up to date
[GitWatch] Run at Sat Nov 15 21:55:58 IST 2025
[GitWatch] Up to date
[GitWatch] Run at Sat Nov 15 21:56:08 IST 2025
[GitWatch] Up to date
[GitWatch] Run at Sat Nov 15 21:56:18 IST 2025
[GitWatch] Up to date
[GitWatch] Run at Sat Nov 15 21:56:28 IST 2025
[GitWatch] Up to date
[GitWatch] Run at Sat Nov 15 21:56:38 IST 2025
[GitWatch] Up to date
[GitWatch] Run at Sat Nov 15 21:56:48 IST 2025
[GitWatch] Up to date
[GitWatch] Run at Sat Nov 15 21:56:59 IST 2025
[GitWatch] Up to date
[GitWatch] Run at Sat Nov 15 21:57:09 IST 2025
[GitWatch] Up to date
[GitWatch] Run at Sat Nov 15 21:57:19 IST 2025
[GitWatch] Up to date
[GitWatch] Run at Sat Nov 15 21:57:29 IST 2025
[GitWatch] Up to date
[GitWatch] Run at Sat Nov 15 21:57:39 IST 2025
[GitWatch] Up to date
[GitWatch] Run at Sat Nov 15 21:57:49 IST 2025
[GitWatch] Up to date
[GitWatch] Run at Sat Nov 15 21:57:59 IST 2025
[GitWatch] Up to date
[GitWatch] Run at Sat Nov 15 21:58:09 IST 2025
[GitWatch] Up to date
[GitWatch] Run at Sat Nov 15 21:58:20 IST 2025
[GitWatch] Up to date
[GitWatch] Run at Sat Nov 15 21:58:30 IST 2025
[GitWatch] Up to date
[GitWatch] Run at Sat Nov 15 21:58:40 IST 2025
[GitWatch] Up to date
[GitWatch] Run at Sat Nov 15 21:58:50 IST 2025
[GitWatch] Up to date
[GitWatch] Run at Sat Nov 15 21:59:00 IST 2025
[GitWatch] Up to date
[GitWatch] Run at Sat Nov 15 21:59:11 IST 2025
[GitWatch] Up to date
[GitWatch] Run at Sat Nov 15 21:59:21 IST 2025
[GitWatch] Up to date
[GitWatch] Run at Sat Nov 15 21:59:31 IST 2025
[GitWatch] Up to date
[GitWatch] Run at Sat Nov 15 21:59:41 IST 2025
[GitWatch] Up to date
[GitWatch] Run at Sat Nov 15 21:59:51 IST 2025
[GitWatch] Up to date
[GitWatch] Run at Sat Nov 15 22:00:00 IST 2025
[GitWatch] Up to date
[GitWatch] Run at Sat Nov 15 22:00:11 IST 2025
[GitWatch] Up to date
[GitWatch] Run at Sat Nov 15 22:00:21 IST 2025
[GitWatch] Up to date
[GitWatch] Run at Sat Nov 15 22:00:31 IST 2025
[GitWatch] Up to date
[GitWatch] Run at Sat Nov 15 22:00:41 IST 2025
[GitWatch] Up to date
[GitWatch] Run at Sat Nov 15 22:00:52 IST 2025
[GitWatch] Up to date
[GitWatch] Run at Sat Nov 15 22:01:02 IST 2025
[GitWatch] Up to date
[GitWatch] Run at Sat Nov 15 22:01:12 IST 2025
[GitWatch] Up to date
[GitWatch] Run at Sat Nov 15 22:01:22 IST 2025
[GitWatch] Up to date
[GitWatch] Run at Sat Nov 15 22:01:32 IST 2025
[GitWatch] Up to date
[GitWatch] Run at Sat Nov 15 22:01:42 IST 2025
[GitWatch] Up to date
[GitWatch] Run at Sat Nov 15 22:01:52 IST 2025
[GitWatch] Up to date
[GitWatch] Run at Sat Nov 15 22:02:02 IST 2025
[GitWatch] Up to date
[GitWatch] Run at Sat Nov 15 22:02:13 IST 2025
[GitWatch] Up to date
[GitWatch] Run at Sat Nov 15 22:02:23 IST 2025
[GitWatch] Up to date
[GitWatch] Run at Sat Nov 15 22:02:34 IST 2025
[GitWatch] Up to date
[GitWatch] Run at Sat Nov 15 22:02:44 IST 2025
[GitWatch] Up to date
[GitWatch] Run at Sat Nov 15 22:02:55 IST 2025
[GitWatch] Up to date
[GitWatch] Run at Sat Nov 15 22:03:05 IST 2025
[GitWatch] Up to date
[GitWatch] Run at Sat Nov 15 22:03:16 IST 2025
[GitWatch] Up to date
[GitWatch] Run at Sat Nov 15 22:03:38 IST 2025
[GitWatch] Up to date
[GitWatch] Run at Sat Nov 15 22:03:49 IST 2025
[GitWatch] Up to date
[GitWatch] Run at Sat Nov 15 22:04:00 IST 2025
[GitWatch] Up to date
[GitWatch] Run at Sat Nov 15 22:04:11 IST 2025
[GitWatch] Update found → pulling
[GitWatch] Run at Sat Nov 15 22:05:00 IST 2025
[GitWatch] Update found → pulling
fatal: Cannot rebase onto multiple branches.
Current branch main is up to date.
[GitWatch] Run at Sat Nov 15 22:05:35 IST 2025
[GitWatch] Update found → pulling
Current branch main is up to date.
[GitWatch] Run at Sat Nov 15 22:05:55 IST 2025
[GitWatch] Update found → pulling
Current branch main is up to date.
[GitWatch] Run at Sat Nov 15 22:06:17 IST 2025
[GitWatch] Update found → pulling
Current branch main is up to date.
[GitWatch] Run at Sat Nov 15 22:06:48 IST 2025
[GitWatch] Up to date
[GitWatch] Run at Sat Nov 15 22:06:58 IST 2025
[GitWatch] Up to date
[GitWatch] Run at Sat Nov 15 22:07:09 IST 2025
[GitWatch] Up to date
[GitWatch] Run at Sat Nov 15 22:07:19 IST 2025
[GitWatch] Up to date
nohup: ignoring input
[GitWatch] Run at Sat Nov 15 22:07:28 IST 2025
[GitWatch] Up to date
[GitWatch] Run at Sat Nov 15 22:07:38 IST 2025
[GitWatch] Up to date
[GitWatch] Run at Sat Nov 15 22:07:48 IST 2025
[GitWatch] Up to date
[GitWatch] Run at Sat Nov 15 22:07:58 IST 2025
[GitWatch] Update found → pulling
Current branch main is up to date.
[GitWatch] Run at Sat Nov 15 22:08:08 IST 2025
[GitWatch] Update found → pulling
Current branch main is up to date.
[GitWatch] Run at Sat Nov 15 22:08:19 IST 2025
[GitWatch] Update found → pulling
Current branch main is up to date.
[GitWatch] Run at Sat Nov 15 22:08:29 IST 2025
[GitWatch] Update found → pulling
Current branch main is up to date.
[GitWatch] Run at Sat Nov 15 22:08:49 IST 2025
[GitWatch] Update found → pulling
Current branch main is up to date.
[GitWatch] Run at Sat Nov 15 22:08:59 IST 2025
[GitWatch] Update found → pulling
Current branch main is up to date.
[GitWatch] Run at Sat Nov 15 22:09:10 IST 2025
[GitWatch] Update found → pulling
Current branch main is up to date.
[GitWatch] Run at Sat Nov 15 22:09:20 IST 2025
[GitWatch] Update found → pulling
Current branch main is up to date.
[GitWatch] Run at Sat Nov 15 22:09:30 IST 2025
[GitWatch] Update found → pulling
Current branch main is up to date.
[GitWatch] Run at Sat Nov 15 22:09:50 IST 2025
[GitWatch] Update found → pulling
[GitWatch] Run at Sat Nov 15 22:10:00 IST 2025
Current branch main is up to date.
[GitWatch] Update found → pulling
Current branch main is up to date.
[GitWatch] Run at Sat Nov 15 22:10:21 IST 2025
[GitWatch] Update found → pulling
Current branch main is up to date.
[GitWatch] Run at Sat Nov 15 22:10:41 IST 2025
[GitWatch] Update found → pulling
Current branch main is up to date.
[GitWatch] Run at Sat Nov 15 22:10:52 IST 2025
[GitWatch] Update found → pulling
Current branch main is up to date.
[GitWatch] Run at Sat Nov 15 22:11:02 IST 2025
[GitWatch] Update found → pulling
Current branch main is up to date.
[GitWatch] Run at Sat Nov 15 22:11:22 IST 2025
[GitWatch] Update found → pulling
Current branch main is up to date.
[GitWatch] Run at Sat Nov 15 22:11:32 IST 2025
[GitWatch] Update found → pulling
Current branch main is up to date.
[GitWatch] Run at Sat Nov 15 22:11:43 IST 2025
[GitWatch] Update found → pulling
Current branch main is up to date.
[GitWatch] Run at Sat Nov 15 22:11:53 IST 2025
[GitWatch] Update found → pulling
Current branch main is up to date.
[GitWatch] Run at Sat Nov 15 22:12:03 IST 2025
[GitWatch] Update found → pulling
Current branch main is up to date.
[GitWatch] Run at Sat Nov 15 22:12:13 IST 2025
[GitWatch] Update found → pulling
Current branch main is up to date.
[GitWatch] Run at Sat Nov 15 22:12:24 IST 2025
[GitWatch] Update found → pulling
Current branch main is up to date.
[GitWatch] Run at Sat Nov 15 22:12:34 IST 2025
[GitWatch] Update found → pulling
Current branch main is up to date.
[GitWatch] Run at Sat Nov 15 22:12:44 IST 2025
[GitWatch] Update found → pulling
Current branch main is up to date.
[GitWatch] Run at Sat Nov 15 22:12:54 IST 2025
[GitWatch] Update found → pulling
Current branch main is up to date.
[GitWatch] Run at Sat Nov 15 22:13:04 IST 2025
[GitWatch] Update found → pulling
Current branch main is up to date.
[GitWatch] Run at Sat Nov 15 22:13:15 IST 2025
[GitWatch] Update found → pulling
Current branch main is up to date.
[GitWatch] Run at Sat Nov 15 22:13:25 IST 2025
[GitWatch] Update found → pulling
Current branch main is up to date.
[GitWatch] Run at Sat Nov 15 22:13:35 IST 2025
[GitWatch] Update found → pulling
Current branch main is up to date.
[GitWatch] Run at Sat Nov 15 22:13:45 IST 2025
[GitWatch] Update found → pulling
Current branch main is up to date.
[GitWatch] Run at Sat Nov 15 22:13:55 IST 2025
[GitWatch] Update found → pulling
Current branch main is up to date.
[GitWatch] Run at Sat Nov 15 22:14:06 IST 2025
[GitWatch] Update found → pulling
Current branch main is up to date.
[GitWatch] Run at Sat Nov 15 22:14:16 IST 2025
[GitWatch] Update found → pulling
Current branch main is up to date.
[GitWatch] Run at Sat Nov 15 22:14:26 IST 2025
[GitWatch] Update found → pulling
Current branch main is up to date.
[GitWatch] Run at Sat Nov 15 22:14:36 IST 2025
[GitWatch] Update found → pulling
Current branch main is up to date.
[GitWatch] Run at Sat Nov 15 22:14:46 IST 2025
[GitWatch] Update found → pulling
Current branch main is up to date.
[GitWatch] Run at Sat Nov 15 22:14:57 IST 2025
[GitWatch] Update found → pulling
[GitWatch] Run at Sat Nov 15 22:15:01 IST 2025
Current branch main is up to date.
[GitWatch] Update found → pulling
Current branch main is up to date.
[GitWatch] Run at Sat Nov 15 22:15:17 IST 2025
[GitWatch] Update found → pulling
Current branch main is up to date.
[GitWatch] Run at Sat Nov 15 22:15:27 IST 2025
[GitWatch] Update found → pulling
Current branch main is up to date.
[GitWatch] Run at Sat Nov 15 22:15:37 IST 2025
[GitWatch] Update found → pulling
Current branch main is up to date.
[GitWatch] Run at Sat Nov 15 22:15:48 IST 2025
[GitWatch] Update found → pulling
Current branch main is up to date.
[GitWatch] Run at Sat Nov 15 22:15:58 IST 2025
[GitWatch] Update found → pulling
Current branch main is up to date.
[GitWatch] Run at Sat Nov 15 22:16:18 IST 2025
[GitWatch] Update found → pulling
Current branch main is up to date.
[GitWatch] Run at Sat Nov 15 22:16:28 IST 2025
[GitWatch] Update found → pulling
Current branch main is up to date.
[GitWatch] Run at Sat Nov 15 22:16:39 IST 2025
[GitWatch] Update found → pulling
Current branch main is up to date.
[GitWatch] Run at Sat Nov 15 22:16:49 IST 2025
[GitWatch] Update found → pulling
Current branch main is up to date.
[GitWatch] Run at Sat Nov 15 22:17:09 IST 2025
[GitWatch] Update found → pulling
Current branch main is up to date.
[GitWatch] Run at Sat Nov 15 22:17:19 IST 2025
[GitWatch] Update found → pulling
Current branch main is up to date.
[GitWatch] Run at Sat Nov 15 22:17:30 IST 2025
[GitWatch] Update found → pulling
Current branch main is up to date.
[GitWatch] Run at Sat Nov 15 22:17:40 IST 2025
[GitWatch] Update found → pulling
Current branch main is up to date.
[GitWatch] Run at Sat Nov 15 22:17:50 IST 2025
[GitWatch] Update found → pulling
Current branch main is up to date.
[GitWatch] Run at Sat Nov 15 22:18:00 IST 2025
[GitWatch] Update found → pulling
Current branch main is up to date.
[GitWatch] Run at Sat Nov 15 22:18:10 IST 2025
[GitWatch] Update found → pulling
Current branch main is up to date.
[GitWatch] Run at Sat Nov 15 22:18:20 IST 2025
[GitWatch] Update found → pulling
Current branch main is up to date.
[GitWatch] Run at Sat Nov 15 22:18:31 IST 2025
[GitWatch] Update found → pulling
Current branch main is up to date.
[GitWatch] Run at Sat Nov 15 22:18:41 IST 2025
[GitWatch] Update found → pulling
Current branch main is up to date.
[GitWatch] Run at Sat Nov 15 22:18:51 IST 2025
[GitWatch] Update found → pulling
Current branch main is up to date.
[GitWatch] Run at Sat Nov 15 22:19:11 IST 2025
[GitWatch] Update found → pulling
Current branch main is up to date.
[GitWatch] Run at Sat Nov 15 22:19:22 IST 2025
[GitWatch] Update found → pulling
Current branch main is up to date.
[GitWatch] Run at Sat Nov 15 22:19:32 IST 2025
[GitWatch] Update found → pulling
Current branch main is up to date.
[GitWatch] Run at Sat Nov 15 22:19:52 IST 2025
[GitWatch] Update found → pulling
Current branch main is up to date.
[GitWatch] Run at Sat Nov 15 22:20:00 IST 2025
[GitWatch] Update found → pulling
Current branch main is up to date.
[GitWatch] Run at Sat Nov 15 22:20:12 IST 2025
[GitWatch] Update found → pulling
Current branch main is up to date.
[GitWatch] Run at Sat Nov 15 22:20:23 IST 2025
[GitWatch] Update found → pulling
Current branch main is up to date.
[GitWatch] Run at Sat Nov 15 22:20:33 IST 2025
[GitWatch] Update found → pulling
Current branch main is up to date.
[GitWatch] Run at Sat Nov 15 22:20:43 IST 2025
[GitWatch] Update found → pulling
Current branch main is up to date.
[GitWatch] Run at Sat Nov 15 22:21:03 IST 2025
[GitWatch] Update found → pulling
Current branch main is up to date.
[GitWatch] Run at Sat Nov 15 22:21:14 IST 2025
[GitWatch] Update found → pulling
Current branch main is up to date.
[GitWatch] Run at Sat Nov 15 22:21:24 IST 2025
[GitWatch] Update found → pulling
Current branch main is up to date.
[GitWatch] Run at Sat Nov 15 22:21:34 IST 2025
[GitWatch] Update found → pulling
Current branch main is up to date.
[GitWatch] Run at Sat Nov 15 22:21:44 IST 2025
[GitWatch] Update found → pulling
Current branch main is up to date.
[GitWatch] Run at Sat Nov 15 22:21:54 IST 2025
[GitWatch] Update found → pulling
Current branch main is up to date.
[GitWatch] Run at Sat Nov 15 22:22:04 IST 2025
[GitWatch] Update found → pulling
Current branch main is up to date.
[GitWatch] Run at Sat Nov 15 22:22:15 IST 2025
[GitWatch] Update found → pulling
Current branch main is up to date.
[GitWatch] Run at Sat Nov 15 22:22:25 IST 2025
[GitWatch] Update found → pulling
Current branch main is up to date.
[GitWatch] Run at Sat Nov 15 22:22:35 IST 2025
[GitWatch] Update found → pulling
Current branch main is up to date.
[GitWatch] Run at Sat Nov 15 22:22:46 IST 2025
[GitWatch] Update found → pulling
Current branch main is up to date.
[GitWatch] Run at Sat Nov 15 22:23:16 IST 2025
[GitWatch] Update found → pulling
Current branch main is up to date.
[GitWatch] Run at Sat Nov 15 22:23:36 IST 2025
[GitWatch] Update found → pulling
Current branch main is up to date.
[GitWatch] Run at Sat Nov 15 22:23:46 IST 2025
[GitWatch] Update found → pulling
Current branch main is up to date.
[GitWatch] Run at Sat Nov 15 22:23:57 IST 2025
[GitWatch] Update found → pulling
Current branch main is up to date.
[GitWatch] Run at Sat Nov 15 22:24:17 IST 2025
[GitWatch] Update found → pulling
Current branch main is up to date.
[GitWatch] Run at Sat Nov 15 22:24:48 IST 2025
[GitWatch] Update found → pulling
[GitWatch] Run at Sat Nov 15 22:25:01 IST 2025
[GitWatch] Update found → pulling
Current branch main is up to date.
Current branch main is up to date.
[GitWatch] Run at Sat Nov 15 22:25:18 IST 2025
[GitWatch] Update found → pulling
Current branch main is up to date.
[GitWatch] Run at Sat Nov 15 22:25:49 IST 2025
[GitWatch] Update found → pulling
Current branch main is up to date.
[GitWatch] Run at Sat Nov 15 22:26:09 IST 2025
[GitWatch] Update found → pulling
Current branch main is up to date.
[GitWatch] Run at Sat Nov 15 22:26:19 IST 2025
[GitWatch] Update found → pulling
Current branch main is up to date.
[GitWatch] Run at Sat Nov 15 22:26:29 IST 2025
[GitWatch] Update found → pulling
Current branch main is up to date.
[GitWatch] Run at Sat Nov 15 22:26:50 IST 2025
[GitWatch] Update found → pulling
Current branch main is up to date.
[GitWatch] Run at Sat Nov 15 22:27:10 IST 2025
[GitWatch] Update found → pulling
Current branch main is up to date.
[GitWatch] Run at Sat Nov 15 22:27:31 IST 2025
[GitWatch] Update found → pulling
Current branch main is up to date.
[GitWatch] Run at Sat Nov 15 22:27:51 IST 2025
[GitWatch] Update found → pulling
Current branch main is up to date.
[GitWatch] Run at Sat Nov 15 22:28:01 IST 2025
[GitWatch] Update found → pulling
Current branch main is up to date.
[GitWatch] Run at Sat Nov 15 22:28:22 IST 2025
[GitWatch] Update found → pulling
Current branch main is up to date.
[GitWatch] Run at Sat Nov 15 22:28:42 IST 2025
[GitWatch] Update found → pulling
Current branch main is up to date.
[GitWatch] Run at Sat Nov 15 22:29:02 IST 2025
[GitWatch] Update found → pulling
Current branch main is up to date.
[GitWatch] Run at Sat Nov 15 22:29:12 IST 2025
[GitWatch] Update found → pulling
Current branch main is up to date.
[GitWatch] Run at Sat Nov 15 22:29:33 IST 2025
[GitWatch] Update found → pulling
Current branch main is up to date.
[GitWatch] Run at Sat Nov 15 22:29:53 IST 2025
[GitWatch] Update found → pulling
[GitWatch] Run at Sat Nov 15 22:30:00 IST 2025
Current branch main is up to date.
[GitWatch] Update found → pulling
Current branch main is up to date.
[GitWatch] Run at Sat Nov 15 22:30:14 IST 2025
[GitWatch] Update found → pulling
Current branch main is up to date.
[GitWatch] Run at Sat Nov 15 22:30:24 IST 2025
[GitWatch] Update found → pulling
Current branch main is up to date.
[GitWatch] Run at Sat Nov 15 22:30:44 IST 2025
[GitWatch] Update found → pulling
Current branch main is up to date.
[GitWatch] Run at Sat Nov 15 22:31:05 IST 2025
[GitWatch] Update found → pulling
Current branch main is up to date.
[GitWatch] Run at Sat Nov 15 22:31:25 IST 2025
[GitWatch] Update found → pulling
Current branch main is up to date.
[GitWatch] Run at Sat Nov 15 22:31:45 IST 2025
[GitWatch] Update found → pulling
Current branch main is up to date.
[GitWatch] Run at Sat Nov 15 22:32:06 IST 2025
[GitWatch] Update found → pulling
Current branch main is up to date.
[GitWatch] Run at Sat Nov 15 22:32:16 IST 2025
[GitWatch] Update found → pulling
Current branch main is up to date.
[GitWatch] Run at Sat Nov 15 22:32:36 IST 2025
[GitWatch] Update found → pulling
Current branch main is up to date.
[GitWatch] Run at Sat Nov 15 22:32:47 IST 2025
[GitWatch] Update found → pulling
Current branch main is up to date.
[GitWatch] Run at Sat Nov 15 22:33:07 IST 2025
[GitWatch] Update found → pulling
Current branch main is up to date.
[GitWatch] Run at Sat Nov 15 22:33:17 IST 2025
[GitWatch] Update found → pulling
Current branch main is up to date.
[GitWatch] Run at Sat Nov 15 22:33:37 IST 2025
[GitWatch] Update found → pulling
Current branch main is up to date.
[GitWatch] Run at Sat Nov 15 22:33:48 IST 2025
[GitWatch] Update found → pulling
Current branch main is up to date.
[GitWatch] Run at Sat Nov 15 22:34:08 IST 2025
[GitWatch] Update found → pulling
Current branch main is up to date.
[GitWatch] Run at Sat Nov 15 22:34:28 IST 2025
[GitWatch] Update found → pulling
Current branch main is up to date.
[GitWatch] Run at Sat Nov 15 22:34:39 IST 2025
[GitWatch] Update found → pulling
Current branch main is up to date.
[GitWatch] Run at Sat Nov 15 22:34:49 IST 2025
[GitWatch] Update found → pulling
Current branch main is up to date.
[GitWatch] Run at Sat Nov 15 22:35:09 IST 2025
[GitWatch] Update found → pulling
Current branch main is up to date.
[GitWatch] Run at Sat Nov 15 22:35:29 IST 2025
[GitWatch] Update found → pulling
Current branch main is up to date.
[GitWatch] Run at Sat Nov 15 22:35:50 IST 2025
[GitWatch] Update found → pulling
Current branch main is up to date.
[GitWatch] Run at Sat Nov 15 22:36:10 IST 2025
[GitWatch] Update found → pulling
Current branch main is up to date.
[GitWatch] Run at Sat Nov 15 22:36:40 IST 2025
[GitWatch] Update found → pulling
Current branch main is up to date.
[GitWatch] Run at Sat Nov 15 22:37:01 IST 2025
[GitWatch] Update found → pulling
Current branch main is up to date.
[GitWatch] Run at Sat Nov 15 22:37:11 IST 2025
[GitWatch] Update found → pulling
Current branch main is up to date.
[GitWatch] Run at Sat Nov 15 22:37:21 IST 2025
[GitWatch] Update found → pulling
Current branch main is up to date.
[GitWatch] Run at Sat Nov 15 22:37:31 IST 2025
[GitWatch] Update found → pulling
Current branch main is up to date.
[GitWatch] Run at Sat Nov 15 22:37:42 IST 2025
[GitWatch] Update found → pulling
Current branch main is up to date.
[GitWatch] Run at Sat Nov 15 22:37:52 IST 2025
[GitWatch] Update found → pulling
Current branch main is up to date.
[GitWatch] Run at Sat Nov 15 22:38:02 IST 2025
[GitWatch] Update found → pulling
Current branch main is up to date.
[GitWatch] Run at Sat Nov 15 22:38:12 IST 2025
[GitWatch] Update found → pulling
Current branch main is up to date.
[GitWatch] Run at Sat Nov 15 22:38:23 IST 2025
[GitWatch] Update found → pulling
Current branch main is up to date.
[GitWatch] Run at Sat Nov 15 22:38:33 IST 2025
[GitWatch] Update found → pulling
Current branch main is up to date.
[GitWatch] Run at Sat Nov 15 22:38:43 IST 2025
[GitWatch] Update found → pulling
Current branch main is up to date.
[GitWatch] Run at Sat Nov 15 22:38:53 IST 2025
[GitWatch] Update found → pulling
Current branch main is up to date.
[GitWatch] Run at Sat Nov 15 22:39:03 IST 2025
[GitWatch] Update found → pulling
Current branch main is up to date.
[GitWatch] Run at Sat Nov 15 22:39:14 IST 2025
[GitWatch] Update found → pulling
Current branch main is up to date.
[GitWatch] Run at Sat Nov 15 22:39:24 IST 2025
[GitWatch] Update found → pulling
Current branch main is up to date.
[GitWatch] Run at Sat Nov 15 22:39:34 IST 2025
[GitWatch] Update found → pulling
Current branch main is up to date.
[GitWatch] Run at Sat Nov 15 22:39:44 IST 2025
[GitWatch] Up to date
[GitWatch] Run at Sat Nov 15 22:39:54 IST 2025
[GitWatch] Up to date
[GitWatch] Run at Sat Nov 15 22:40:05 IST 2025
[GitWatch] Up to date
[GitWatch] Run at Sat Nov 15 22:40:15 IST 2025
[GitWatch] Up to date
[GitWatch] Run at Sat Nov 15 22:40:25 IST 2025
[GitWatch] Up to date
[GitWatch] Run at Sat Nov 15 22:40:35 IST 2025
[GitWatch] Up to date
[GitWatch] Run at Sat Nov 15 22:40:45 IST 2025
[GitWatch] Up to date
[GitWatch] Run at Sat Nov 15 22:40:56 IST 2025
[GitWatch] Up to date
[GitWatch] Run at Sat Nov 15 22:41:06 IST 2025
[GitWatch] Up to date
[GitWatch] Run at Sat Nov 15 22:41:16 IST 2025
[GitWatch] Up to date
[GitWatch] Run at Sat Nov 15 22:41:26 IST 2025
[GitWatch] Up to date
[GitWatch] Run at Sat Nov 15 22:41:36 IST 2025
[GitWatch] Up to date
[GitWatch] Run at Sat Nov 15 22:41:46 IST 2025
[GitWatch] Up to date
[GitWatch] Run at Sat Nov 15 22:41:57 IST 2025
[GitWatch] Up to date
[GitWatch] Run at Sat Nov 15 22:42:07 IST 2025
[GitWatch] Up to date
[GitWatch] Run at Sat Nov 15 22:42:17 IST 2025
[GitWatch] Up to date
[GitWatch] Run at Sat Nov 15 22:42:27 IST 2025
[GitWatch] Up to date
[GitWatch] Run at Sat Nov 15 22:42:37 IST 2025
[GitWatch] Up to date
[GitWatch] Run at Sat Nov 15 22:42:47 IST 2025
[GitWatch] Up to date
[GitWatch] Run at Sat Nov 15 22:42:58 IST 2025
[GitWatch] Up to date
[GitWatch] Run at Sat Nov 15 22:43:08 IST 2025
[GitWatch] Up to date
[GitWatch] Run at Sat Nov 15 22:43:18 IST 2025
[GitWatch] Up to date
[GitWatch] Run at Sat Nov 15 22:43:28 IST 2025
[GitWatch] Up to date
[GitWatch] Run at Sat Nov 15 22:43:38 IST 2025
[GitWatch] Up to date
[GitWatch] Run at Sat Nov 15 22:43:48 IST 2025
[GitWatch] Up to date
[GitWatch] Run at Sat Nov 15 22:43:59 IST 2025
[GitWatch] Up to date
[GitWatch] Run at Sat Nov 15 22:44:09 IST 2025
[GitWatch] Up to date
[GitWatch] Run at Sat Nov 15 22:44:19 IST 2025
[GitWatch] Up to date
[GitWatch] Run at Sat Nov 15 22:44:29 IST 2025
[GitWatch] Up to date
[GitWatch] Run at Sat Nov 15 22:44:39 IST 2025
[GitWatch] Up to date
[GitWatch] Run at Sat Nov 15 22:44:50 IST 2025
[GitWatch] Up to date
[GitWatch] Run at Sat Nov 15 22:45:00 IST 2025
[GitWatch] Up to date
[GitWatch] Run at Sat Nov 15 22:45:10 IST 2025
[GitWatch] Up to date
[GitWatch] Run at Sat Nov 15 22:45:20 IST 2025
[GitWatch] Up to date
[GitWatch] Run at Sat Nov 15 22:45:30 IST 2025
[GitWatch] Up to date
[GitWatch] Run at Sat Nov 15 22:45:40 IST 2025
[GitWatch] Up to date
[GitWatch] Run at Sat Nov 15 22:45:51 IST 2025
[GitWatch] Up to date
[GitWatch] Run at Sat Nov 15 22:46:01 IST 2025
[GitWatch] Up to date
[GitWatch] Run at Sat Nov 15 22:46:11 IST 2025
[GitWatch] Up to date
[GitWatch] Run at Sat Nov 15 22:46:21 IST 2025
[GitWatch] Up to date
[GitWatch] Run at Sat Nov 15 22:46:31 IST 2025
[GitWatch] Up to date
[GitWatch] Run at Sat Nov 15 22:46:42 IST 2025
[GitWatch] Up to date
[GitWatch] Run at Sat Nov 15 22:46:52 IST 2025
[GitWatch] Up to date
[GitWatch] Run at Sat Nov 15 22:47:02 IST 2025
[GitWatch] Up to date
[GitWatch] Run at Sat Nov 15 22:47:12 IST 2025
[GitWatch] Up to date
[GitWatch] Run at Sat Nov 15 22:47:22 IST 2025
[GitWatch] Up to date
[GitWatch] Run at Sat Nov 15 22:47:32 IST 2025
[GitWatch] Up to date
[GitWatch] Run at Sat Nov 15 22:47:43 IST 2025
[GitWatch] Up to date
[GitWatch] Run at Sat Nov 15 22:47:53 IST 2025
[GitWatch] Up to date
[GitWatch] Run at Sat Nov 15 22:48:03 IST 2025
[GitWatch] Up to date
[GitWatch] Run at Sat Nov 15 22:48:13 IST 2025
[GitWatch] Up to date
[GitWatch] Run at Sat Nov 15 22:48:23 IST 2025
[GitWatch] Up to date
[GitWatch] Run at Sat Nov 15 22:48:34 IST 2025
[GitWatch] Up to date
[GitWatch] Run at Sat Nov 15 22:48:44 IST 2025
[GitWatch] Up to date
[GitWatch] Run at Sat Nov 15 22:48:54 IST 2025
[GitWatch] Up to date
[GitWatch] Run at Sat Nov 15 22:49:04 IST 2025
[GitWatch] Up to date
[GitWatch] Run at Sat Nov 15 22:49:14 IST 2025
[GitWatch] Up to date
[GitWatch] Run at Sat Nov 15 22:49:24 IST 2025
[GitWatch] Up to date
[GitWatch] Run at Sat Nov 15 22:49:35 IST 2025
[GitWatch] Up to date
[GitWatch] Run at Sat Nov 15 22:49:45 IST 2025
[GitWatch] Up to date
[GitWatch] Run at Sat Nov 15 22:49:55 IST 2025
[GitWatch] Up to date
[GitWatch] Run at Sat Nov 15 22:50:05 IST 2025
[GitWatch] Up to date
[GitWatch] Run at Sat Nov 15 22:50:15 IST 2025
[GitWatch] Up to date
[GitWatch] Run at Sat Nov 15 22:50:25 IST 2025
[GitWatch] Up to date
[GitWatch] Run at Sat Nov 15 22:50:36 IST 2025
[GitWatch] Up to date
[GitWatch] Run at Sat Nov 15 22:50:46 IST 2025
[GitWatch] Up to date
[GitWatch] Run at Sat Nov 15 22:50:56 IST 2025
[GitWatch] Up to date
[GitWatch] Run at Sat Nov 15 22:51:06 IST 2025
[GitWatch] Up to date
[GitWatch] Run at Sat Nov 15 22:51:16 IST 2025
[GitWatch] Up to date
[GitWatch] Run at Sat Nov 15 22:51:27 IST 2025
[GitWatch] Up to date
[GitWatch] Run at Sat Nov 15 22:51:37 IST 2025
[GitWatch] Up to date
[GitWatch] Run at Sat Nov 15 22:51:47 IST 2025
[GitWatch] Up to date
[GitWatch] Run at Sat Nov 15 22:51:57 IST 2025
[GitWatch] Up to date
[GitWatch] Run at Sat Nov 15 22:52:07 IST 2025
[GitWatch] Up to date
[GitWatch] Run at Sat Nov 15 22:52:17 IST 2025
[GitWatch] Up to date
[GitWatch] Run at Sat Nov 15 22:52:28 IST 2025
[GitWatch] Up to date
[GitWatch] Run at Sat Nov 15 22:52:38 IST 2025
[GitWatch] Up to date
[GitWatch] Run at Sat Nov 15 22:52:48 IST 2025
[GitWatch] Up to date
[GitWatch] Run at Sat Nov 15 22:52:58 IST 2025
[GitWatch] Up to date
[GitWatch] Run at Sat Nov 15 22:53:08 IST 2025
[GitWatch] Up to date
[GitWatch] Run at Sat Nov 15 22:53:18 IST 2025
[GitWatch] Up to date
[GitWatch] Run at Sat Nov 15 22:53:29 IST 2025
[GitWatch] Up to date
[GitWatch] Run at Sat Nov 15 22:53:39 IST 2025
[GitWatch] Up to date
[GitWatch] Run at Sat Nov 15 22:53:49 IST 2025
[GitWatch] Up to date
[GitWatch] Run at Sat Nov 15 22:53:59 IST 2025
[GitWatch] Up to date
[GitWatch] Run at Sat Nov 15 22:54:09 IST 2025
[GitWatch] Up to date
[GitWatch] Run at Sat Nov 15 22:54:19 IST 2025
[GitWatch] Up to date
[GitWatch] Run at Sat Nov 15 22:54:30 IST 2025
[GitWatch] Up to date
[GitWatch] Run at Sat Nov 15 22:54:40 IST 2025
[GitWatch] Up to date
[GitWatch] Run at Sat Nov 15 22:54:50 IST 2025
[GitWatch] Up to date
[GitWatch] Run at Sat Nov 15 22:55:00 IST 2025
[GitWatch] Up to date
[GitWatch] Run at Sat Nov 15 22:55:10 IST 2025
[GitWatch] Up to date
[GitWatch] Run at Sat Nov 15 22:55:21 IST 2025
[GitWatch] Up to date
[GitWatch] Run at Sat Nov 15 22:55:31 IST 2025
[GitWatch] Up to date
[GitWatch] Run at Sat Nov 15 22:55:41 IST 2025
[GitWatch] Up to date
[GitWatch] Run at Sat Nov 15 22:55:51 IST 2025
[GitWatch] Up to date
[GitWatch] Run at Sat Nov 15 22:56:01 IST 2025
[GitWatch] Up to date
[GitWatch] Run at Sat Nov 15 22:56:12 IST 2025
[GitWatch] Up to date
[GitWatch] Run at Sat Nov 15 22:56:22 IST 2025
[GitWatch] Up to date
[GitWatch] Run at Sat Nov 15 22:56:32 IST 2025
[GitWatch] Up to date
[GitWatch] Run at Sat Nov 15 22:56:42 IST 2025
[GitWatch] Up to date
[GitWatch] Run at Sat Nov 15 22:56:52 IST 2025
[GitWatch] Up to date
[GitWatch] Run at Sat Nov 15 22:57:02 IST 2025
[GitWatch] Up to date
[GitWatch] Run at Sat Nov 15 22:57:13 IST 2025
[GitWatch] Up to date
[GitWatch] Run at Sat Nov 15 22:57:23 IST 2025
[GitWatch] Up to date
[GitWatch] Run at Sat Nov 15 22:57:33 IST 2025
[GitWatch] Up to date
[GitWatch] Run at Sat Nov 15 22:57:43 IST 2025
[GitWatch] Up to date
[GitWatch] Run at Sat Nov 15 22:57:53 IST 2025
[GitWatch] Up to date
[GitWatch] Run at Sat Nov 15 22:58:03 IST 2025
[GitWatch] Up to date
[GitWatch] Run at Sat Nov 15 22:58:14 IST 2025
[GitWatch] Up to date
[GitWatch] Run at Sat Nov 15 22:58:24 IST 2025
[GitWatch] Up to date
[GitWatch] Run at Sat Nov 15 22:58:34 IST 2025
[GitWatch] Up to date
[GitWatch] Run at Sat Nov 15 22:58:44 IST 2025
[GitWatch] Up to date
[GitWatch] Run at Sat Nov 15 22:58:54 IST 2025
[GitWatch] Up to date
[GitWatch] Run at Sat Nov 15 22:59:05 IST 2025
[GitWatch] Up to date
[GitWatch] Run at Sat Nov 15 22:59:15 IST 2025
[GitWatch] Up to date
[GitWatch] Run at Sat Nov 15 22:59:25 IST 2025
[GitWatch] Up to date
[GitWatch] Run at Sat Nov 15 22:59:35 IST 2025
[GitWatch] Up to date
[GitWatch] Run at Sat Nov 15 22:59:45 IST 2025
[GitWatch] Up to date
[GitWatch] Run at Sat Nov 15 22:59:55 IST 2025
[GitWatch] Up to date
[GitWatch] Run at Sat Nov 15 23:00:05 IST 2025
[GitWatch] Up to date
[GitWatch] Run at Sat Nov 15 23:00:16 IST 2025
[GitWatch] Up to date
[GitWatch] Run at Sat Nov 15 23:00:26 IST 2025
[GitWatch] Up to date
[GitWatch] Run at Sat Nov 15 23:00:36 IST 2025
[GitWatch] Up to date
[GitWatch] Run at Sat Nov 15 23:00:46 IST 2025
[GitWatch] Up to date
[GitWatch] Run at Sat Nov 15 23:00:56 IST 2025
[GitWatch] Up to date
[GitWatch] Run at Sat Nov 15 23:01:06 IST 2025
[GitWatch] Up to date
[GitWatch] Run at Sat Nov 15 23:01:16 IST 2025
[GitWatch] Up to date
[GitWatch] Run at Sat Nov 15 23:01:27 IST 2025
[GitWatch] Up to date
[GitWatch] Run at Sat Nov 15 23:01:37 IST 2025
[GitWatch] Up to date
[GitWatch] Run at Sat Nov 15 23:01:47 IST 2025
[GitWatch] Up to date
[GitWatch] Run at Sat Nov 15 23:01:57 IST 2025
[GitWatch] Up to date
[GitWatch] Run at Sat Nov 15 23:02:07 IST 2025
[GitWatch] Up to date
[GitWatch] Run at Sat Nov 15 23:02:18 IST 2025
[GitWatch] Up to date
[GitWatch] Run at Sat Nov 15 23:02:28 IST 2025
[GitWatch] Up to date
[GitWatch] Run at Sat Nov 15 23:02:38 IST 2025
[GitWatch] Up to date
[GitWatch] Run at Sat Nov 15 23:02:48 IST 2025
[GitWatch] Up to date
[GitWatch] Run at Sat Nov 15 23:02:58 IST 2025
[GitWatch] Up to date
[GitWatch] Run at Sat Nov 15 23:03:08 IST 2025
[GitWatch] Up to date
[GitWatch] Run at Sat Nov 15 23:03:19 IST 2025
[GitWatch] Up to date
[GitWatch] Run at Sat Nov 15 23:03:29 IST 2025
[GitWatch] Up to date
[GitWatch] Run at Sat Nov 15 23:03:39 IST 2025
[GitWatch] Up to date
[GitWatch] Run at Sat Nov 15 23:03:49 IST 2025
[GitWatch] Up to date
[GitWatch] Run at Sat Nov 15 23:03:59 IST 2025
[GitWatch] Up to date
[GitWatch] Run at Sat Nov 15 23:04:10 IST 2025
[GitWatch] Up to date
[GitWatch] Run at Sat Nov 15 23:04:20 IST 2025
[GitWatch] Up to date
[GitWatch] Run at Sat Nov 15 23:04:30 IST 2025
[GitWatch] Up to date
[GitWatch] Run at Sat Nov 15 23:04:40 IST 2025
[GitWatch] Up to date
[GitWatch] Run at Sat Nov 15 23:04:50 IST 2025
[GitWatch] Up to date
[GitWatch] Run at Sat Nov 15 23:05:00 IST 2025
[GitWatch] Up to date
[GitWatch] Run at Sat Nov 15 23:05:11 IST 2025
[GitWatch] Up to date
[GitWatch] Run at Sat Nov 15 23:05:21 IST 2025
[GitWatch] Up to date
[GitWatch] Run at Sat Nov 15 23:05:31 IST 2025
[GitWatch] Up to date
[GitWatch] Run at Sat Nov 15 23:05:41 IST 2025
[GitWatch] Up to date
[GitWatch] Run at Sat Nov 15 23:05:51 IST 2025
[GitWatch] Up to date
[GitWatch] Run at Sat Nov 15 23:06:01 IST 2025
[GitWatch] Up to date
[GitWatch] Run at Sat Nov 15 23:06:12 IST 2025
[GitWatch] Up to date
[GitWatch] Run at Sat Nov 15 23:06:22 IST 2025
[GitWatch] Up to date
[GitWatch] Run at Sat Nov 15 23:06:32 IST 2025
[GitWatch] Up to date
[GitWatch] Run at Sat Nov 15 23:06:42 IST 2025
[GitWatch] Up to date
[GitWatch] Run at Sat Nov 15 23:06:52 IST 2025
[GitWatch] Up to date
[GitWatch] Run at Sat Nov 15 23:07:03 IST 2025
[GitWatch] Up to date
[GitWatch] Run at Sat Nov 15 23:07:13 IST 2025
[GitWatch] Up to date
[GitWatch] Run at Sat Nov 15 23:07:23 IST 2025
[GitWatch] Up to date
[GitWatch] Run at Sat Nov 15 23:07:33 IST 2025
[GitWatch] Up to date
[GitWatch] Run at Sat Nov 15 23:07:43 IST 2025
[GitWatch] Up to date
[GitWatch] Run at Sat Nov 15 23:07:53 IST 2025
[GitWatch] Up to date
[GitWatch] Run at Sat Nov 15 23:08:04 IST 2025
[GitWatch] Up to date
[GitWatch] Run at Sat Nov 15 23:08:14 IST 2025
[GitWatch] Up to date
[GitWatch] Run at Sat Nov 15 23:08:24 IST 2025
[GitWatch] Up to date
[GitWatch] Run at Sat Nov 15 23:08:34 IST 2025
[GitWatch] Up to date
[GitWatch] Run at Sat Nov 15 23:08:44 IST 2025
[GitWatch] Up to date
[GitWatch] Run at Sat Nov 15 23:08:55 IST 2025
[GitWatch] Up to date
[GitWatch] Run at Sat Nov 15 23:09:05 IST 2025
[GitWatch] Up to date
[GitWatch] Run at Sat Nov 15 23:09:15 IST 2025
[GitWatch] Up to date
[GitWatch] Run at Sat Nov 15 23:09:25 IST 2025
[GitWatch] Up to date
[GitWatch] Run at Sat Nov 15 23:09:35 IST 2025
[GitWatch] Up to date
[GitWatch] Run at Sat Nov 15 23:09:45 IST 2025
[GitWatch] Up to date
[GitWatch] Run at Sat Nov 15 23:09:56 IST 2025
[GitWatch] Up to date
[GitWatch] Run at Sat Nov 15 23:10:06 IST 2025
[GitWatch] Up to date
[GitWatch] Run at Sat Nov 15 23:10:16 IST 2025
[GitWatch] Up to date
[GitWatch] Run at Sat Nov 15 23:10:26 IST 2025
[GitWatch] Up to date
[GitWatch] Run at Sat Nov 15 23:10:36 IST 2025
[GitWatch] Up to date
[GitWatch] Run at Sat Nov 15 23:10:47 IST 2025
[GitWatch] Up to date
[GitWatch] Run at Sat Nov 15 23:10:57 IST 2025
[GitWatch] Up to date
[GitWatch] Run at Sat Nov 15 23:11:07 IST 2025
[GitWatch] Up to date
[GitWatch] Run at Sat Nov 15 23:11:17 IST 2025
[GitWatch] Up to date
[GitWatch] Run at Sat Nov 15 23:11:27 IST 2025
[GitWatch] Up to date
[GitWatch] Run at Sat Nov 15 23:11:37 IST 2025
[GitWatch] Up to date
[GitWatch] Run at Sat Nov 15 23:11:48 IST 2025
[GitWatch] Up to date
[GitWatch] Run at Sat Nov 15 23:11:58 IST 2025
[GitWatch] Up to date
[GitWatch] Run at Sat Nov 15 23:12:08 IST 2025
[GitWatch] Up to date
[GitWatch] Run at Sat Nov 15 23:12:18 IST 2025
[GitWatch] Up to date
[GitWatch] Run at Sat Nov 15 23:12:28 IST 2025
[GitWatch] Up to date
[GitWatch] Run at Sat Nov 15 23:12:39 IST 2025
[GitWatch] Up to date
[GitWatch] Run at Sat Nov 15 23:12:49 IST 2025
[GitWatch] Up to date
[GitWatch] Run at Sat Nov 15 23:12:59 IST 2025
[GitWatch] Up to date
[GitWatch] Run at Sat Nov 15 23:13:09 IST 2025
[GitWatch] Up to date
[GitWatch] Run at Sat Nov 15 23:13:19 IST 2025
[GitWatch] Up to date
[GitWatch] Run at Sat Nov 15 23:13:29 IST 2025
[GitWatch] Up to date
[GitWatch] Run at Sat Nov 15 23:13:40 IST 2025
[GitWatch] Up to date
[GitWatch] Run at Sat Nov 15 23:13:50 IST 2025
[GitWatch] Up to date
[GitWatch] Run at Sat Nov 15 23:14:00 IST 2025
[GitWatch] Up to date
[GitWatch] Run at Sat Nov 15 23:14:10 IST 2025
[GitWatch] Up to date
[GitWatch] Run at Sat Nov 15 23:14:20 IST 2025
[GitWatch] Up to date
[GitWatch] Run at Sat Nov 15 23:14:30 IST 2025
[GitWatch] Up to date
[GitWatch] Run at Sat Nov 15 23:14:41 IST 2025
[GitWatch] Up to date
[GitWatch] Run at Sat Nov 15 23:14:51 IST 2025
[GitWatch] Up to date
[GitWatch] Run at Sat Nov 15 23:15:01 IST 2025
[GitWatch] Up to date
[GitWatch] Run at Sat Nov 15 23:15:11 IST 2025
[GitWatch] Up to date
[GitWatch] Run at Sat Nov 15 23:15:21 IST 2025
[GitWatch] Up to date
[GitWatch] Run at Sat Nov 15 23:15:32 IST 2025
[GitWatch] Up to date
[GitWatch] Run at Sat Nov 15 23:15:42 IST 2025
[GitWatch] Up to date
[GitWatch] Run at Sat Nov 15 23:15:52 IST 2025
[GitWatch] Up to date
[GitWatch] Run at Sat Nov 15 23:16:02 IST 2025
[GitWatch] Up to date
[GitWatch] Run at Sat Nov 15 23:16:12 IST 2025
[GitWatch] Up to date
[GitWatch] Run at Sat Nov 15 23:16:22 IST 2025
[GitWatch] Up to date
[GitWatch] Run at Sat Nov 15 23:16:33 IST 2025
[GitWatch] Up to date
[GitWatch] Run at Sat Nov 15 23:16:43 IST 2025
[GitWatch] Up to date
[GitWatch] Run at Sat Nov 15 23:16:53 IST 2025
[GitWatch] Up to date
[GitWatch] Run at Sat Nov 15 23:17:03 IST 2025
[GitWatch] Up to date
[GitWatch] Run at Sat Nov 15 23:17:13 IST 2025
[GitWatch] Up to date
[GitWatch] Run at Sat Nov 15 23:17:24 IST 2025
[GitWatch] Up to date
[GitWatch] Run at Sat Nov 15 23:17:34 IST 2025
[GitWatch] Up to date
[GitWatch] Run at Sat Nov 15 23:17:44 IST 2025
[GitWatch] Up to date
[GitWatch] Run at Sat Nov 15 23:17:54 IST 2025
[GitWatch] Up to date
[GitWatch] Run at Sat Nov 15 23:18:04 IST 2025
[GitWatch] Up to date
[GitWatch] Run at Sat Nov 15 23:18:14 IST 2025
[GitWatch] Up to date
[GitWatch] Run at Sat Nov 15 23:18:25 IST 2025
[GitWatch] Up to date
[GitWatch] Run at Sat Nov 15 23:18:35 IST 2025
[GitWatch] Up to date
[GitWatch] Run at Sat Nov 15 23:18:45 IST 2025
[GitWatch] Up to date
[GitWatch] Run at Sat Nov 15 23:18:55 IST 2025
[GitWatch] Up to date
[GitWatch] Run at Sat Nov 15 23:19:05 IST 2025
[GitWatch] Up to date
[GitWatch] Run at Sat Nov 15 23:19:16 IST 2025
[GitWatch] Up to date
[GitWatch] Run at Sat Nov 15 23:19:26 IST 2025
[GitWatch] Up to date
[GitWatch] Run at Sat Nov 15 23:19:36 IST 2025
[GitWatch] Up to date
[GitWatch] Run at Sat Nov 15 23:19:46 IST 2025
[GitWatch] Up to date
[GitWatch] Run at Sat Nov 15 23:19:56 IST 2025
[GitWatch] Up to date
[GitWatch] Run at Sat Nov 15 23:20:06 IST 2025
[GitWatch] Up to date
[GitWatch] Run at Sat Nov 15 23:20:17 IST 2025
[GitWatch] Up to date
[GitWatch] Run at Sat Nov 15 23:20:27 IST 2025
[GitWatch] Up to date
[GitWatch] Run at Sat Nov 15 23:20:37 IST 2025
[GitWatch] Up to date
[GitWatch] Run at Sat Nov 15 23:20:47 IST 2025
[GitWatch] Up to date
[GitWatch] Run at Sat Nov 15 23:20:57 IST 2025
[GitWatch] Up to date
[GitWatch] Run at Sat Nov 15 23:21:08 IST 2025
[GitWatch] Up to date
[GitWatch] Run at Sat Nov 15 23:21:18 IST 2025
[GitWatch] Up to date
[GitWatch] Run at Sat Nov 15 23:21:28 IST 2025
[GitWatch] Up to date
[GitWatch] Run at Sat Nov 15 23:21:38 IST 2025
[GitWatch] Up to date
[GitWatch] Run at Sat Nov 15 23:21:48 IST 2025
[GitWatch] Up to date
[GitWatch] Run at Sat Nov 15 23:21:58 IST 2025
[GitWatch] Up to date
[GitWatch] Run at Sat Nov 15 23:22:09 IST 2025
[GitWatch] Up to date
[GitWatch] Run at Sat Nov 15 23:22:19 IST 2025
[GitWatch] Up to date
[GitWatch] Run at Sat Nov 15 23:22:29 IST 2025
[GitWatch] Up to date
[GitWatch] Run at Sat Nov 15 23:22:39 IST 2025
[GitWatch] Up to date
[GitWatch] Run at Sat Nov 15 23:22:49 IST 2025
[GitWatch] Up to date
[GitWatch] Run at Sat Nov 15 23:23:00 IST 2025
[GitWatch] Up to date
[GitWatch] Run at Sat Nov 15 23:23:10 IST 2025
[GitWatch] Up to date
[GitWatch] Run at Sat Nov 15 23:23:20 IST 2025
[GitWatch] Up to date
[GitWatch] Run at Sat Nov 15 23:23:30 IST 2025
[GitWatch] Up to date
[GitWatch] Run at Sat Nov 15 23:23:40 IST 2025
[GitWatch] Up to date
[GitWatch] Run at Sat Nov 15 23:23:50 IST 2025
[GitWatch] Up to date
[GitWatch] Run at Sat Nov 15 23:24:01 IST 2025
[GitWatch] Up to date
[GitWatch] Run at Sat Nov 15 23:24:11 IST 2025
[GitWatch] Up to date
[GitWatch] Run at Sat Nov 15 23:24:21 IST 2025
[GitWatch] Up to date
[GitWatch] Run at Sat Nov 15 23:24:31 IST 2025
[GitWatch] Up to date
[GitWatch] Run at Sat Nov 15 23:24:41 IST 2025
[GitWatch] Up to date
[GitWatch] Run at Sat Nov 15 23:24:52 IST 2025
[GitWatch] Up to date
[GitWatch] Run at Sat Nov 15 23:25:02 IST 2025
[GitWatch] Up to date
[GitWatch] Run at Sat Nov 15 23:25:12 IST 2025
[GitWatch] Up to date
[GitWatch] Run at Sat Nov 15 23:25:22 IST 2025
[GitWatch] Up to date
[GitWatch] Run at Sat Nov 15 23:25:32 IST 2025
[GitWatch] Up to date
[GitWatch] Run at Sat Nov 15 23:25:42 IST 2025
[GitWatch] Up to date
[GitWatch] Run at Sat Nov 15 23:25:53 IST 2025
[GitWatch] Up to date
[GitWatch] Run at Sat Nov 15 23:26:03 IST 2025
[GitWatch] Up to date
[GitWatch] Run at Sat Nov 15 23:26:13 IST 2025
[GitWatch] Up to date
[GitWatch] Run at Sat Nov 15 23:26:23 IST 2025
[GitWatch] Up to date
[GitWatch] Run at Sat Nov 15 23:26:33 IST 2025
[GitWatch] Up to date
[GitWatch] Run at Sat Nov 15 23:26:43 IST 2025
[GitWatch] Up to date
[GitWatch] Run at Sat Nov 15 23:26:54 IST 2025
[GitWatch] Up to date
[GitWatch] Run at Sat Nov 15 23:27:04 IST 2025
[GitWatch] Up to date
[GitWatch] Run at Sat Nov 15 23:27:14 IST 2025
[GitWatch] Up to date
[GitWatch] Run at Sat Nov 15 23:27:24 IST 2025
[GitWatch] Up to date
[GitWatch] Run at Sat Nov 15 23:27:34 IST 2025
[GitWatch] Up to date
[GitWatch] Run at Sat Nov 15 23:27:44 IST 2025
[GitWatch] Up to date
[GitWatch] Run at Sat Nov 15 23:27:55 IST 2025
[GitWatch] Up to date
[GitWatch] Run at Sat Nov 15 23:28:05 IST 2025
[GitWatch] Up to date
[GitWatch] Run at Sat Nov 15 23:28:15 IST 2025
[GitWatch] Up to date
[GitWatch] Run at Sat Nov 15 23:28:25 IST 2025
[GitWatch] Up to date
[GitWatch] Run at Sat Nov 15 23:28:35 IST 2025
[GitWatch] Up to date
[GitWatch] Run at Sat Nov 15 23:28:46 IST 2025
[GitWatch] Up to date
[GitWatch] Run at Sat Nov 15 23:28:56 IST 2025
[GitWatch] Up to date
[GitWatch] Run at Sat Nov 15 23:29:06 IST 2025
[GitWatch] Up to date
[GitWatch] Run at Sat Nov 15 23:29:16 IST 2025
[GitWatch] Up to date
[GitWatch] Run at Sat Nov 15 23:29:26 IST 2025
[GitWatch] Up to date
[GitWatch] Run at Sat Nov 15 23:29:36 IST 2025
[GitWatch] Up to date
[GitWatch] Run at Sat Nov 15 23:29:47 IST 2025
[GitWatch] Up to date
[GitWatch] Run at Sat Nov 15 23:29:57 IST 2025
[GitWatch] Up to date
[GitWatch] Run at Sat Nov 15 23:30:07 IST 2025
[GitWatch] Up to date
[GitWatch] Run at Sat Nov 15 23:30:17 IST 2025
[GitWatch] Up to date
[GitWatch] Run at Sat Nov 15 23:30:27 IST 2025
[GitWatch] Up to date
[GitWatch] Run at Sat Nov 15 23:30:38 IST 2025
[GitWatch] Up to date
[GitWatch] Run at Sat Nov 15 23:30:48 IST 2025
[GitWatch] Up to date
[GitWatch] Run at Sat Nov 15 23:30:58 IST 2025
[GitWatch] Up to date
[GitWatch] Run at Sat Nov 15 23:31:08 IST 2025
[GitWatch] Up to date
[GitWatch] Run at Sat Nov 15 23:31:18 IST 2025
[GitWatch] Up to date
[GitWatch] Run at Sat Nov 15 23:31:28 IST 2025
[GitWatch] Up to date
[GitWatch] Run at Sat Nov 15 23:31:39 IST 2025
[GitWatch] Up to date
[GitWatch] Run at Sat Nov 15 23:31:49 IST 2025
[GitWatch] Up to date
[GitWatch] Run at Sat Nov 15 23:31:59 IST 2025
[GitWatch] Up to date
[GitWatch] Run at Sat Nov 15 23:32:09 IST 2025
[GitWatch] Up to date
[GitWatch] Run at Sat Nov 15 23:32:19 IST 2025
[GitWatch] Up to date
[GitWatch] Run at Sat Nov 15 23:32:30 IST 2025
[GitWatch] Up to date
[GitWatch] Run at Sat Nov 15 23:32:40 IST 2025
[GitWatch] Up to date
[GitWatch] Run at Sat Nov 15 23:32:50 IST 2025
[GitWatch] Up to date
[GitWatch] Run at Sat Nov 15 23:33:00 IST 2025
[GitWatch] Up to date
[GitWatch] Run at Sat Nov 15 23:33:10 IST 2025
[GitWatch] Up to date
[GitWatch] Run at Sat Nov 15 23:33:20 IST 2025
[GitWatch] Up to date
[GitWatch] Run at Sat Nov 15 23:33:31 IST 2025
[GitWatch] Up to date
[GitWatch] Run at Sat Nov 15 23:33:41 IST 2025
[GitWatch] Up to date
[GitWatch] Run at Sat Nov 15 23:33:51 IST 2025
[GitWatch] Up to date
[GitWatch] Run at Sat Nov 15 23:34:01 IST 2025
[GitWatch] Up to date
[GitWatch] Run at Sat Nov 15 23:34:11 IST 2025
[GitWatch] Up to date
[GitWatch] Run at Sat Nov 15 23:34:22 IST 2025
[GitWatch] Up to date
[GitWatch] Run at Sat Nov 15 23:34:32 IST 2025
[GitWatch] Up to date
[GitWatch] Run at Sat Nov 15 23:34:42 IST 2025
[GitWatch] Up to date
[GitWatch] Run at Sat Nov 15 23:34:52 IST 2025
[GitWatch] Up to date
[GitWatch] Run at Sat Nov 15 23:35:02 IST 2025
[GitWatch] Up to date
[GitWatch] Run at Sat Nov 15 23:35:13 IST 2025
[GitWatch] Up to date
[GitWatch] Run at Sat Nov 15 23:35:23 IST 2025
[GitWatch] Up to date
[GitWatch] Run at Sat Nov 15 23:35:33 IST 2025
[GitWatch] Up to date
[GitWatch] Run at Sat Nov 15 23:35:43 IST 2025
[GitWatch] Up to date
[GitWatch] Run at Sat Nov 15 23:35:53 IST 2025
[GitWatch] Up to date
[GitWatch] Run at Sat Nov 15 23:36:03 IST 2025
[GitWatch] Up to date
[GitWatch] Run at Sat Nov 15 23:36:14 IST 2025
[GitWatch] Up to date
[GitWatch] Run at Sat Nov 15 23:36:24 IST 2025
[GitWatch] Up to date
[GitWatch] Run at Sat Nov 15 23:36:34 IST 2025
[GitWatch] Up to date
[GitWatch] Run at Sat Nov 15 23:36:44 IST 2025
[GitWatch] Up to date
[GitWatch] Run at Sat Nov 15 23:36:54 IST 2025
[GitWatch] Up to date
[GitWatch] Run at Sat Nov 15 23:37:04 IST 2025
[GitWatch] Up to date
[GitWatch] Run at Sat Nov 15 23:37:15 IST 2025
[GitWatch] Up to date
[GitWatch] Run at Sat Nov 15 23:37:25 IST 2025
[GitWatch] Up to date
[GitWatch] Run at Sat Nov 15 23:37:35 IST 2025
[GitWatch] Up to date
[GitWatch] Run at Sat Nov 15 23:37:45 IST 2025
[GitWatch] Up to date
[GitWatch] Run at Sat Nov 15 23:37:55 IST 2025
[GitWatch] Up to date
[GitWatch] Run at Sat Nov 15 23:38:06 IST 2025
[GitWatch] Up to date
[GitWatch] Run at Sat Nov 15 23:38:16 IST 2025
[GitWatch] Up to date
[GitWatch] Run at Sat Nov 15 23:38:26 IST 2025
[GitWatch] Up to date
[GitWatch] Run at Sat Nov 15 23:38:36 IST 2025
[GitWatch] Up to date
[GitWatch] Run at Sat Nov 15 23:38:46 IST 2025
[GitWatch] Up to date
[GitWatch] Run at Sat Nov 15 23:38:56 IST 2025
[GitWatch] Up to date
[GitWatch] Run at Sat Nov 15 23:39:07 IST 2025
[GitWatch] Up to date
[GitWatch] Run at Sat Nov 15 23:39:17 IST 2025
[GitWatch] Up to date
[GitWatch] Run at Sat Nov 15 23:39:27 IST 2025
[GitWatch] Up to date
[GitWatch] Run at Sat Nov 15 23:39:37 IST 2025
[GitWatch] Up to date
[GitWatch] Run at Sat Nov 15 23:39:47 IST 2025
[GitWatch] Up to date
[GitWatch] Run at Sat Nov 15 23:39:58 IST 2025
[GitWatch] Up to date
[GitWatch] Run at Sat Nov 15 23:40:08 IST 2025
[GitWatch] Up to date
[GitWatch] Run at Sat Nov 15 23:40:18 IST 2025
[GitWatch] Up to date
[GitWatch] Run at Sat Nov 15 23:40:28 IST 2025
[GitWatch] Up to date
[GitWatch] Run at Sat Nov 15 23:40:38 IST 2025
[GitWatch] Up to date
[GitWatch] Run at Sat Nov 15 23:40:48 IST 2025
[GitWatch] Up to date
[GitWatch] Run at Sat Nov 15 23:40:59 IST 2025
[GitWatch] Up to date
[GitWatch] Run at Sat Nov 15 23:41:09 IST 2025
[GitWatch] Up to date
[GitWatch] Run at Sat Nov 15 23:41:19 IST 2025
[GitWatch] Up to date
[GitWatch] Run at Sat Nov 15 23:41:29 IST 2025
[GitWatch] Up to date
[GitWatch] Run at Sat Nov 15 23:41:39 IST 2025
[GitWatch] Up to date
[GitWatch] Run at Sat Nov 15 23:41:50 IST 2025
[GitWatch] Up to date
[GitWatch] Run at Sat Nov 15 23:42:00 IST 2025
[GitWatch] Up to date
[GitWatch] Run at Sat Nov 15 23:42:10 IST 2025
[GitWatch] Up to date
[GitWatch] Run at Sat Nov 15 23:42:20 IST 2025
[GitWatch] Up to date
[GitWatch] Run at Sat Nov 15 23:42:30 IST 2025
[GitWatch] Up to date
[GitWatch] Run at Sat Nov 15 23:42:40 IST 2025
[GitWatch] Up to date
[GitWatch] Run at Sat Nov 15 23:42:51 IST 2025
[GitWatch] Up to date
[GitWatch] Run at Sat Nov 15 23:43:01 IST 2025
[GitWatch] Up to date
[GitWatch] Run at Sat Nov 15 23:43:11 IST 2025
[GitWatch] Up to date
[GitWatch] Run at Sat Nov 15 23:43:21 IST 2025
[GitWatch] Up to date
[GitWatch] Run at Sat Nov 15 23:43:31 IST 2025
[GitWatch] Up to date
[GitWatch] Run at Sat Nov 15 23:43:42 IST 2025
[GitWatch] Up to date
[GitWatch] Run at Sat Nov 15 23:43:52 IST 2025
[GitWatch] Up to date
[GitWatch] Run at Sat Nov 15 23:44:02 IST 2025
[GitWatch] Up to date
[GitWatch] Run at Sat Nov 15 23:44:12 IST 2025
[GitWatch] Up to date
[GitWatch] Run at Sat Nov 15 23:44:22 IST 2025
[GitWatch] Up to date
[GitWatch] Run at Sat Nov 15 23:44:32 IST 2025
[GitWatch] Up to date
[GitWatch] Run at Sat Nov 15 23:44:43 IST 2025
[GitWatch] Up to date
[GitWatch] Run at Sat Nov 15 23:44:53 IST 2025
[GitWatch] Up to date
[GitWatch] Run at Sat Nov 15 23:45:03 IST 2025
[GitWatch] Up to date
[GitWatch] Run at Sat Nov 15 23:45:13 IST 2025
[GitWatch] Up to date
[GitWatch] Run at Sat Nov 15 23:45:23 IST 2025
[GitWatch] Up to date
[GitWatch] Run at Sat Nov 15 23:45:33 IST 2025
[GitWatch] Up to date
[GitWatch] Run at Sat Nov 15 23:45:44 IST 2025
[GitWatch] Up to date
[GitWatch] Run at Sat Nov 15 23:45:54 IST 2025
[GitWatch] Up to date
[GitWatch] Run at Sat Nov 15 23:46:04 IST 2025
[GitWatch] Up to date
[GitWatch] Run at Sat Nov 15 23:46:14 IST 2025
[GitWatch] Up to date
[GitWatch] Run at Sat Nov 15 23:46:24 IST 2025
[GitWatch] Up to date
[GitWatch] Run at Sat Nov 15 23:46:35 IST 2025
[GitWatch] Up to date
[GitWatch] Run at Sat Nov 15 23:46:45 IST 2025
[GitWatch] Up to date
[GitWatch] Run at Sat Nov 15 23:46:55 IST 2025
[GitWatch] Up to date
[GitWatch] Run at Sat Nov 15 23:47:05 IST 2025
[GitWatch] Up to date
[GitWatch] Run at Sat Nov 15 23:47:15 IST 2025
[GitWatch] Up to date
[GitWatch] Run at Sat Nov 15 23:47:25 IST 2025
[GitWatch] Up to date
[GitWatch] Run at Sat Nov 15 23:47:36 IST 2025
[GitWatch] Up to date
[GitWatch] Run at Sat Nov 15 23:47:46 IST 2025
[GitWatch] Up to date
[GitWatch] Run at Sat Nov 15 23:47:56 IST 2025
[GitWatch] Up to date
[GitWatch] Run at Sat Nov 15 23:48:06 IST 2025
[GitWatch] Up to date
[GitWatch] Run at Sat Nov 15 23:48:16 IST 2025
[GitWatch] Up to date
[GitWatch] Run at Sat Nov 15 23:48:27 IST 2025
[GitWatch] Up to date
[GitWatch] Run at Sat Nov 15 23:48:37 IST 2025
[GitWatch] Up to date
[GitWatch] Run at Sat Nov 15 23:48:47 IST 2025
[GitWatch] Up to date
[GitWatch] Run at Sat Nov 15 23:48:57 IST 2025
[GitWatch] Up to date
[GitWatch] Run at Sat Nov 15 23:49:07 IST 2025
[GitWatch] Up to date
[GitWatch] Run at Sat Nov 15 23:49:18 IST 2025
[GitWatch] Up to date
[GitWatch] Run at Sat Nov 15 23:49:28 IST 2025
[GitWatch] Up to date
[GitWatch] Run at Sat Nov 15 23:49:38 IST 2025
[GitWatch] Up to date
[GitWatch] Run at Sat Nov 15 23:49:48 IST 2025
[GitWatch] Up to date
[GitWatch] Run at Sat Nov 15 23:49:58 IST 2025
[GitWatch] Up to date
[GitWatch] Run at Sat Nov 15 23:50:08 IST 2025
[GitWatch] Up to date
[GitWatch] Run at Sat Nov 15 23:50:19 IST 2025
[GitWatch] Up to date
[GitWatch] Run at Sat Nov 15 23:50:29 IST 2025
[GitWatch] Up to date
[GitWatch] Run at Sat Nov 15 23:50:39 IST 2025
[GitWatch] Up to date
[GitWatch] Run at Sat Nov 15 23:50:49 IST 2025
[GitWatch] Up to date
[GitWatch] Run at Sat Nov 15 23:50:59 IST 2025
[GitWatch] Up to date
[GitWatch] Run at Sat Nov 15 23:51:10 IST 2025
[GitWatch] Up to date
[GitWatch] Run at Sat Nov 15 23:51:20 IST 2025
[GitWatch] Up to date
[GitWatch] Run at Sat Nov 15 23:51:30 IST 2025
[GitWatch] Up to date
[GitWatch] Run at Sat Nov 15 23:51:40 IST 2025
[GitWatch] Up to date
[GitWatch] Run at Sat Nov 15 23:51:50 IST 2025
[GitWatch] Up to date
[GitWatch] Run at Sat Nov 15 23:52:01 IST 2025
[GitWatch] Up to date
[GitWatch] Run at Sat Nov 15 23:52:11 IST 2025
[GitWatch] Up to date
[GitWatch] Run at Sat Nov 15 23:52:21 IST 2025
[GitWatch] Up to date
[GitWatch] Run at Sat Nov 15 23:52:31 IST 2025
[GitWatch] Up to date
[GitWatch] Run at Sat Nov 15 23:52:41 IST 2025
[GitWatch] Up to date
[GitWatch] Run at Sat Nov 15 23:52:51 IST 2025
[GitWatch] Up to date
[GitWatch] Run at Sat Nov 15 23:53:02 IST 2025
[GitWatch] Up to date
[GitWatch] Run at Sat Nov 15 23:53:12 IST 2025
[GitWatch] Up to date
[GitWatch] Run at Sat Nov 15 23:53:22 IST 2025
[GitWatch] Up to date
[GitWatch] Run at Sat Nov 15 23:53:32 IST 2025
[GitWatch] Up to date
[GitWatch] Run at Sat Nov 15 23:53:42 IST 2025
[GitWatch] Up to date
[GitWatch] Run at Sat Nov 15 23:53:53 IST 2025
[GitWatch] Up to date
[GitWatch] Run at Sat Nov 15 23:54:03 IST 2025
[GitWatch] Up to date
[GitWatch] Run at Sat Nov 15 23:54:13 IST 2025
[GitWatch] Up to date
[GitWatch] Run at Sat Nov 15 23:54:23 IST 2025
[GitWatch] Up to date
[GitWatch] Run at Sat Nov 15 23:54:33 IST 2025
[GitWatch] Up to date
[GitWatch] Run at Sat Nov 15 23:54:43 IST 2025
[GitWatch] Up to date
[GitWatch] Run at Sat Nov 15 23:54:54 IST 2025
[GitWatch] Up to date
[GitWatch] Run at Sat Nov 15 23:55:04 IST 2025
[GitWatch] Up to date
[GitWatch] Run at Sat Nov 15 23:55:14 IST 2025
[GitWatch] Up to date
[GitWatch] Run at Sat Nov 15 23:55:24 IST 2025
[GitWatch] Up to date
[GitWatch] Run at Sat Nov 15 23:55:34 IST 2025
[GitWatch] Up to date
[GitWatch] Run at Sat Nov 15 23:55:44 IST 2025
[GitWatch] Up to date
[GitWatch] Run at Sat Nov 15 23:55:55 IST 2025
[GitWatch] Up to date
[GitWatch] Run at Sat Nov 15 23:56:05 IST 2025
[GitWatch] Up to date
[GitWatch] Run at Sat Nov 15 23:56:15 IST 2025
[GitWatch] Up to date
[GitWatch] Run at Sat Nov 15 23:56:25 IST 2025
[GitWatch] Up to date
[GitWatch] Run at Sat Nov 15 23:56:35 IST 2025
[GitWatch] Up to date
[GitWatch] Run at Sat Nov 15 23:56:46 IST 2025
[GitWatch] Up to date
[GitWatch] Run at Sat Nov 15 23:56:56 IST 2025
[GitWatch] Up to date
[GitWatch] Run at Sat Nov 15 23:57:06 IST 2025
[GitWatch] Up to date
[GitWatch] Run at Sat Nov 15 23:57:16 IST 2025
[GitWatch] Up to date
[GitWatch] Run at Sat Nov 15 23:57:26 IST 2025
[GitWatch] Up to date
[GitWatch] Run at Sat Nov 15 23:57:36 IST 2025
[GitWatch] Up to date
[GitWatch] Run at Sat Nov 15 23:57:47 IST 2025
[GitWatch] Up to date
[GitWatch] Run at Sat Nov 15 23:57:57 IST 2025
[GitWatch] Up to date
[GitWatch] Run at Sat Nov 15 23:58:07 IST 2025
[GitWatch] Up to date
[GitWatch] Run at Sat Nov 15 23:58:17 IST 2025
[GitWatch] Up to date
[GitWatch] Run at Sat Nov 15 23:58:27 IST 2025
[GitWatch] Up to date
[GitWatch] Run at Sat Nov 15 23:58:37 IST 2025
[GitWatch] Up to date
[GitWatch] Run at Sat Nov 15 23:58:48 IST 2025
[GitWatch] Up to date
[GitWatch] Run at Sat Nov 15 23:58:58 IST 2025
[GitWatch] Up to date
[GitWatch] Run at Sat Nov 15 23:59:08 IST 2025
[GitWatch] Up to date
[GitWatch] Run at Sat Nov 15 23:59:18 IST 2025
[GitWatch] Up to date
[GitWatch] Run at Sat Nov 15 23:59:28 IST 2025
[GitWatch] Up to date
[GitWatch] Run at Sat Nov 15 23:59:39 IST 2025
[GitWatch] Up to date
[GitWatch] Run at Sat Nov 15 23:59:49 IST 2025
[GitWatch] Up to date
[GitWatch] Run at Sat Nov 15 23:59:59 IST 2025
[GitWatch] Up to date
[GitWatch] Run at Sun Nov 16 00:00:09 IST 2025
[GitWatch] Up to date
[GitWatch] Run at Sun Nov 16 00:00:19 IST 2025
[GitWatch] Up to date
[GitWatch] Run at Sun Nov 16 00:00:29 IST 2025
[GitWatch] Up to date
[GitWatch] Run at Sun Nov 16 00:00:40 IST 2025
[GitWatch] Up to date
[GitWatch] Run at Sun Nov 16 00:00:50 IST 2025
[GitWatch] Up to date
[GitWatch] Run at Sun Nov 16 00:01:00 IST 2025
[GitWatch] Up to date
[GitWatch] Run at Sun Nov 16 00:01:10 IST 2025
[GitWatch] Up to date
[GitWatch] Run at Sun Nov 16 00:01:20 IST 2025
[GitWatch] Up to date
[GitWatch] Run at Sun Nov 16 00:01:31 IST 2025
[GitWatch] Up to date
[GitWatch] Run at Sun Nov 16 00:01:41 IST 2025
[GitWatch] Up to date
[GitWatch] Run at Sun Nov 16 00:01:51 IST 2025
[GitWatch] Up to date
[GitWatch] Run at Sun Nov 16 00:02:01 IST 2025
[GitWatch] Up to date
[GitWatch] Run at Sun Nov 16 00:02:11 IST 2025
[GitWatch] Up to date
[GitWatch] Run at Sun Nov 16 00:02:21 IST 2025
[GitWatch] Up to date
[GitWatch] Run at Sun Nov 16 00:02:32 IST 2025
[GitWatch] Up to date
[GitWatch] Run at Sun Nov 16 00:02:42 IST 2025
[GitWatch] Up to date
[GitWatch] Run at Sun Nov 16 00:02:52 IST 2025
[GitWatch] Up to date
[GitWatch] Run at Sun Nov 16 00:03:02 IST 2025
[GitWatch] Up to date
[GitWatch] Run at Sun Nov 16 00:03:12 IST 2025
[GitWatch] Up to date
[GitWatch] Run at Sun Nov 16 00:03:23 IST 2025
[GitWatch] Up to date
[GitWatch] Run at Sun Nov 16 00:03:33 IST 2025
[GitWatch] Up to date
[GitWatch] Run at Sun Nov 16 00:03:43 IST 2025
[GitWatch] Up to date
[GitWatch] Run at Sun Nov 16 00:03:53 IST 2025
[GitWatch] Up to date
[GitWatch] Run at Sun Nov 16 00:04:03 IST 2025
[GitWatch] Up to date
[GitWatch] Run at Sun Nov 16 00:04:13 IST 2025
[GitWatch] Up to date
[GitWatch] Run at Sun Nov 16 00:04:24 IST 2025
[GitWatch] Up to date
[GitWatch] Run at Sun Nov 16 00:04:34 IST 2025
[GitWatch] Up to date
[GitWatch] Run at Sun Nov 16 00:04:44 IST 2025
[GitWatch] Up to date
[GitWatch] Run at Sun Nov 16 00:04:54 IST 2025
[GitWatch] Up to date
[GitWatch] Run at Sun Nov 16 00:05:04 IST 2025
[GitWatch] Up to date
[GitWatch] Run at Sun Nov 16 00:05:14 IST 2025
[GitWatch] Up to date
[GitWatch] Run at Sun Nov 16 00:05:25 IST 2025
[GitWatch] Up to date
[GitWatch] Run at Sun Nov 16 00:05:35 IST 2025
[GitWatch] Up to date
[GitWatch] Run at Sun Nov 16 00:05:45 IST 2025
[GitWatch] Up to date
[GitWatch] Run at Sun Nov 16 00:05:55 IST 2025
[GitWatch] Up to date
[GitWatch] Run at Sun Nov 16 00:06:05 IST 2025
[GitWatch] Up to date
[GitWatch] Run at Sun Nov 16 00:06:16 IST 2025
[GitWatch] Up to date
[GitWatch] Run at Sun Nov 16 00:06:26 IST 2025
[GitWatch] Up to date
[GitWatch] Run at Sun Nov 16 00:06:36 IST 2025
[GitWatch] Up to date
[GitWatch] Run at Sun Nov 16 00:06:46 IST 2025
[GitWatch] Up to date
[GitWatch] Run at Sun Nov 16 00:06:56 IST 2025
[GitWatch] Up to date
[GitWatch] Run at Sun Nov 16 00:07:06 IST 2025
[GitWatch] Up to date
[GitWatch] Run at Sun Nov 16 00:07:17 IST 2025
[GitWatch] Up to date
[GitWatch] Run at Sun Nov 16 00:07:27 IST 2025
[GitWatch] Up to date
[GitWatch] Run at Sun Nov 16 00:07:37 IST 2025
[GitWatch] Up to date
[GitWatch] Run at Sun Nov 16 00:07:47 IST 2025
[GitWatch] Up to date
[GitWatch] Run at Sun Nov 16 00:07:57 IST 2025
[GitWatch] Up to date
[GitWatch] Run at Sun Nov 16 00:08:08 IST 2025
[GitWatch] Up to date
[GitWatch] Run at Sun Nov 16 00:08:18 IST 2025
[GitWatch] Up to date
[GitWatch] Run at Sun Nov 16 00:08:28 IST 2025
[GitWatch] Up to date
[GitWatch] Run at Sun Nov 16 00:08:38 IST 2025
[GitWatch] Up to date
[GitWatch] Run at Sun Nov 16 00:08:48 IST 2025
[GitWatch] Up to date
[GitWatch] Run at Sun Nov 16 00:08:59 IST 2025
[GitWatch] Up to date
[GitWatch] Run at Sun Nov 16 00:09:09 IST 2025
[GitWatch] Up to date
[GitWatch] Run at Sun Nov 16 00:09:19 IST 2025
[GitWatch] Up to date
[GitWatch] Run at Sun Nov 16 00:09:29 IST 2025
[GitWatch] Up to date
[GitWatch] Run at Sun Nov 16 00:09:39 IST 2025
[GitWatch] Up to date
[GitWatch] Run at Sun Nov 16 00:09:49 IST 2025
[GitWatch] Up to date
[GitWatch] Run at Sun Nov 16 00:10:00 IST 2025
[GitWatch] Up to date
[GitWatch] Run at Sun Nov 16 00:10:10 IST 2025
[GitWatch] Up to date
[GitWatch] Run at Sun Nov 16 00:10:20 IST 2025
[GitWatch] Up to date
[GitWatch] Run at Sun Nov 16 00:10:30 IST 2025
[GitWatch] Up to date
[GitWatch] Run at Sun Nov 16 00:10:40 IST 2025
[GitWatch] Up to date
[GitWatch] Run at Sun Nov 16 00:10:51 IST 2025
[GitWatch] Up to date
[GitWatch] Run at Sun Nov 16 00:11:01 IST 2025
[GitWatch] Up to date
[GitWatch] Run at Sun Nov 16 00:11:11 IST 2025
[GitWatch] Up to date
[GitWatch] Run at Sun Nov 16 00:11:21 IST 2025
[GitWatch] Up to date
[GitWatch] Run at Sun Nov 16 00:11:31 IST 2025
[GitWatch] Up to date
[GitWatch] Run at Sun Nov 16 00:11:42 IST 2025
[GitWatch] Up to date
[GitWatch] Run at Sun Nov 16 00:11:52 IST 2025
[GitWatch] Up to date
[GitWatch] Run at Sun Nov 16 00:12:02 IST 2025
[GitWatch] Up to date
[GitWatch] Run at Sun Nov 16 00:12:12 IST 2025
[GitWatch] Up to date
[GitWatch] Run at Sun Nov 16 00:12:22 IST 2025
[GitWatch] Up to date
[GitWatch] Run at Sun Nov 16 00:12:33 IST 2025
[GitWatch] Up to date
[GitWatch] Run at Sun Nov 16 00:12:43 IST 2025
[GitWatch] Up to date
[GitWatch] Run at Sun Nov 16 00:12:53 IST 2025
[GitWatch] Up to date
[GitWatch] Run at Sun Nov 16 00:13:03 IST 2025
[GitWatch] Up to date
[GitWatch] Run at Sun Nov 16 00:13:13 IST 2025
[GitWatch] Up to date
[GitWatch] Run at Sun Nov 16 00:13:23 IST 2025
[GitWatch] Up to date
[GitWatch] Run at Sun Nov 16 00:13:34 IST 2025
[GitWatch] Up to date
[GitWatch] Run at Sun Nov 16 00:13:44 IST 2025
[GitWatch] Up to date
[GitWatch] Run at Sun Nov 16 00:13:54 IST 2025
[GitWatch] Up to date
[GitWatch] Run at Sun Nov 16 00:14:04 IST 2025
[GitWatch] Up to date
[GitWatch] Run at Sun Nov 16 00:14:14 IST 2025
[GitWatch] Up to date
[GitWatch] Run at Sun Nov 16 00:14:24 IST 2025
[GitWatch] Up to date
[GitWatch] Run at Sun Nov 16 00:14:34 IST 2025
[GitWatch] Up to date
[GitWatch] Run at Sun Nov 16 00:14:45 IST 2025
[GitWatch] Up to date
[GitWatch] Run at Sun Nov 16 00:14:55 IST 2025
[GitWatch] Up to date
[GitWatch] Run at Sun Nov 16 00:15:05 IST 2025
[GitWatch] Up to date
[GitWatch] Run at Sun Nov 16 00:15:15 IST 2025
[GitWatch] Up to date
[GitWatch] Run at Sun Nov 16 00:15:25 IST 2025
[GitWatch] Up to date
[GitWatch] Run at Sun Nov 16 00:15:36 IST 2025
[GitWatch] Up to date
[GitWatch] Run at Sun Nov 16 00:15:46 IST 2025
[GitWatch] Up to date
[GitWatch] Run at Sun Nov 16 00:15:56 IST 2025
[GitWatch] Up to date
[GitWatch] Run at Sun Nov 16 00:16:06 IST 2025
[GitWatch] Up to date
[GitWatch] Run at Sun Nov 16 00:16:16 IST 2025
[GitWatch] Up to date
[GitWatch] Run at Sun Nov 16 00:16:26 IST 2025
[GitWatch] Up to date
[GitWatch] Run at Sun Nov 16 00:16:37 IST 2025
[GitWatch] Up to date
[GitWatch] Run at Sun Nov 16 00:16:47 IST 2025
[GitWatch] Up to date
[GitWatch] Run at Sun Nov 16 00:16:57 IST 2025
[GitWatch] Up to date
[GitWatch] Run at Sun Nov 16 00:17:07 IST 2025
[GitWatch] Up to date
[GitWatch] Run at Sun Nov 16 00:17:17 IST 2025
[GitWatch] Up to date
[GitWatch] Run at Sun Nov 16 00:17:27 IST 2025
[GitWatch] Up to date
[GitWatch] Run at Sun Nov 16 00:17:38 IST 2025
[GitWatch] Up to date
[GitWatch] Run at Sun Nov 16 00:17:48 IST 2025
[GitWatch] Up to date
[GitWatch] Run at Sun Nov 16 00:17:58 IST 2025
[GitWatch] Up to date
[GitWatch] Run at Sun Nov 16 00:18:08 IST 2025
[GitWatch] Up to date
[GitWatch] Run at Sun Nov 16 00:18:18 IST 2025
[GitWatch] Up to date
[GitWatch] Run at Sun Nov 16 00:18:29 IST 2025
[GitWatch] Up to date
[GitWatch] Run at Sun Nov 16 00:18:39 IST 2025
[GitWatch] Up to date
[GitWatch] Run at Sun Nov 16 00:18:49 IST 2025
[GitWatch] Up to date
[GitWatch] Run at Sun Nov 16 00:18:59 IST 2025
[GitWatch] Up to date
[GitWatch] Run at Sun Nov 16 00:19:09 IST 2025
[GitWatch] Up to date
[GitWatch] Run at Sun Nov 16 00:19:20 IST 2025
[GitWatch] Up to date
[GitWatch] Run at Sun Nov 16 00:19:30 IST 2025
[GitWatch] Up to date
[GitWatch] Run at Sun Nov 16 00:19:40 IST 2025
[GitWatch] Up to date
[GitWatch] Run at Sun Nov 16 00:19:50 IST 2025
[GitWatch] Up to date
[GitWatch] Run at Sun Nov 16 00:20:00 IST 2025
[GitWatch] Up to date
[GitWatch] Run at Sun Nov 16 00:20:10 IST 2025
[GitWatch] Up to date
[GitWatch] Run at Sun Nov 16 00:20:20 IST 2025
[GitWatch] Up to date
[GitWatch] Run at Sun Nov 16 00:20:31 IST 2025
[GitWatch] Up to date
[GitWatch] Run at Sun Nov 16 00:20:41 IST 2025
[GitWatch] Up to date
[GitWatch] Run at Sun Nov 16 00:20:51 IST 2025
[GitWatch] Up to date
[GitWatch] Run at Sun Nov 16 00:21:01 IST 2025
[GitWatch] Up to date
[GitWatch] Run at Sun Nov 16 00:21:11 IST 2025
[GitWatch] Up to date
[GitWatch] Run at Sun Nov 16 00:21:21 IST 2025
[GitWatch] Up to date
[GitWatch] Run at Sun Nov 16 00:21:32 IST 2025
[GitWatch] Up to date
[GitWatch] Run at Sun Nov 16 00:21:42 IST 2025
[GitWatch] Up to date
[GitWatch] Run at Sun Nov 16 00:21:52 IST 2025
[GitWatch] Up to date
[GitWatch] Run at Sun Nov 16 00:22:02 IST 2025
[GitWatch] Up to date
[GitWatch] Run at Sun Nov 16 00:22:12 IST 2025
[GitWatch] Up to date
[GitWatch] Run at Sun Nov 16 00:22:23 IST 2025
[GitWatch] Up to date
[GitWatch] Run at Sun Nov 16 00:22:33 IST 2025
[GitWatch] Up to date
[GitWatch] Run at Sun Nov 16 00:22:43 IST 2025
[GitWatch] Up to date
[GitWatch] Run at Sun Nov 16 00:22:53 IST 2025
[GitWatch] Up to date
[GitWatch] Run at Sun Nov 16 00:23:03 IST 2025
[GitWatch] Up to date
[GitWatch] Run at Sun Nov 16 00:23:14 IST 2025
[GitWatch] Up to date
[GitWatch] Run at Sun Nov 16 00:23:24 IST 2025
[GitWatch] Up to date
[GitWatch] Run at Sun Nov 16 00:23:34 IST 2025
[GitWatch] Up to date
[GitWatch] Run at Sun Nov 16 00:23:44 IST 2025
[GitWatch] Up to date
[GitWatch] Run at Sun Nov 16 00:23:54 IST 2025
[GitWatch] Up to date
[GitWatch] Run at Sun Nov 16 00:24:04 IST 2025
[GitWatch] Up to date
[GitWatch] Run at Sun Nov 16 00:24:15 IST 2025
[GitWatch] Up to date
[GitWatch] Run at Sun Nov 16 00:24:25 IST 2025
[GitWatch] Up to date
[GitWatch] Run at Sun Nov 16 00:24:35 IST 2025
[GitWatch] Up to date
[GitWatch] Run at Sun Nov 16 00:24:45 IST 2025
[GitWatch] Up to date
[GitWatch] Run at Sun Nov 16 00:24:55 IST 2025
[GitWatch] Up to date
[GitWatch] Run at Sun Nov 16 00:25:05 IST 2025
[GitWatch] Up to date
[GitWatch] Run at Sun Nov 16 00:25:16 IST 2025
[GitWatch] Up to date
[GitWatch] Run at Sun Nov 16 00:25:26 IST 2025
[GitWatch] Up to date
[GitWatch] Run at Sun Nov 16 00:25:36 IST 2025
[GitWatch] Up to date
[GitWatch] Run at Sun Nov 16 00:25:46 IST 2025
[GitWatch] Up to date
[GitWatch] Run at Sun Nov 16 00:25:56 IST 2025
[GitWatch] Up to date
[GitWatch] Run at Sun Nov 16 00:26:07 IST 2025
[GitWatch] Up to date
[GitWatch] Run at Sun Nov 16 00:26:17 IST 2025
[GitWatch] Up to date
[GitWatch] Run at Sun Nov 16 00:26:27 IST 2025
[GitWatch] Up to date
[GitWatch] Run at Sun Nov 16 00:26:37 IST 2025
[GitWatch] Up to date
[GitWatch] Run at Sun Nov 16 00:26:47 IST 2025
[GitWatch] Up to date
[GitWatch] Run at Sun Nov 16 00:26:57 IST 2025
[GitWatch] Up to date
[GitWatch] Run at Sun Nov 16 00:27:08 IST 2025
[GitWatch] Up to date
[GitWatch] Run at Sun Nov 16 00:27:18 IST 2025
[GitWatch] Up to date
[GitWatch] Run at Sun Nov 16 00:27:28 IST 2025
[GitWatch] Up to date
[GitWatch] Run at Sun Nov 16 00:27:38 IST 2025
[GitWatch] Up to date
[GitWatch] Run at Sun Nov 16 00:27:48 IST 2025
[GitWatch] Up to date
[GitWatch] Run at Sun Nov 16 00:27:59 IST 2025
[GitWatch] Up to date
[GitWatch] Run at Sun Nov 16 00:28:09 IST 2025
[GitWatch] Up to date
[GitWatch] Run at Sun Nov 16 00:28:19 IST 2025
[GitWatch] Up to date
[GitWatch] Run at Sun Nov 16 00:28:29 IST 2025
[GitWatch] Up to date
[GitWatch] Run at Sun Nov 16 00:28:39 IST 2025
[GitWatch] Up to date
[GitWatch] Run at Sun Nov 16 00:28:50 IST 2025
[GitWatch] Up to date
[GitWatch] Run at Sun Nov 16 00:29:00 IST 2025
[GitWatch] Up to date
[GitWatch] Run at Sun Nov 16 00:29:10 IST 2025
[GitWatch] Up to date
[GitWatch] Run at Sun Nov 16 00:29:20 IST 2025
[GitWatch] Up to date
[GitWatch] Run at Sun Nov 16 00:29:30 IST 2025
[GitWatch] Up to date
[GitWatch] Run at Sun Nov 16 00:29:40 IST 2025
[GitWatch] Up to date
[GitWatch] Run at Sun Nov 16 00:29:50 IST 2025
[GitWatch] Up to date
[GitWatch] Run at Sun Nov 16 00:30:01 IST 2025
[GitWatch] Up to date
[GitWatch] Run at Sun Nov 16 00:30:11 IST 2025
[GitWatch] Up to date
[GitWatch] Run at Sun Nov 16 00:30:21 IST 2025
[GitWatch] Up to date
[GitWatch] Run at Sun Nov 16 00:30:31 IST 2025
[GitWatch] Up to date
[GitWatch] Run at Sun Nov 16 00:30:41 IST 2025
[GitWatch] Up to date
[GitWatch] Run at Sun Nov 16 00:30:51 IST 2025
[GitWatch] Up to date
[GitWatch] Run at Sun Nov 16 00:31:02 IST 2025
[GitWatch] Up to date
[GitWatch] Run at Sun Nov 16 00:31:12 IST 2025
[GitWatch] Up to date
[GitWatch] Run at Sun Nov 16 00:31:22 IST 2025
[GitWatch] Up to date
[GitWatch] Run at Sun Nov 16 00:31:32 IST 2025
[GitWatch] Up to date
[GitWatch] Run at Sun Nov 16 00:31:42 IST 2025
[GitWatch] Up to date
[GitWatch] Run at Sun Nov 16 00:31:53 IST 2025
[GitWatch] Up to date
[GitWatch] Run at Sun Nov 16 00:32:03 IST 2025
[GitWatch] Up to date
[GitWatch] Run at Sun Nov 16 00:32:13 IST 2025
[GitWatch] Up to date
[GitWatch] Run at Sun Nov 16 00:32:23 IST 2025
[GitWatch] Up to date
[GitWatch] Run at Sun Nov 16 00:32:33 IST 2025
[GitWatch] Up to date
[GitWatch] Run at Sun Nov 16 00:32:43 IST 2025
[GitWatch] Up to date
[GitWatch] Run at Sun Nov 16 00:32:54 IST 2025
[GitWatch] Up to date
[GitWatch] Run at Sun Nov 16 00:33:04 IST 2025
[GitWatch] Up to date
[GitWatch] Run at Sun Nov 16 00:33:14 IST 2025
[GitWatch] Up to date
[GitWatch] Run at Sun Nov 16 00:33:24 IST 2025
[GitWatch] Up to date
[GitWatch] Run at Sun Nov 16 00:33:34 IST 2025
[GitWatch] Up to date
[GitWatch] Run at Sun Nov 16 00:33:44 IST 2025
[GitWatch] Up to date
[GitWatch] Run at Sun Nov 16 00:33:55 IST 2025
[GitWatch] Up to date
[GitWatch] Run at Sun Nov 16 00:34:05 IST 2025
[GitWatch] Up to date
[GitWatch] Run at Sun Nov 16 00:34:15 IST 2025
[GitWatch] Up to date
[GitWatch] Run at Sun Nov 16 00:34:25 IST 2025
[GitWatch] Up to date
[GitWatch] Run at Sun Nov 16 00:34:35 IST 2025
[GitWatch] Up to date
[GitWatch] Run at Sun Nov 16 00:34:46 IST 2025
[GitWatch] Up to date
[GitWatch] Run at Sun Nov 16 00:34:56 IST 2025
[GitWatch] Up to date
[GitWatch] Run at Sun Nov 16 00:35:06 IST 2025
[GitWatch] Up to date
[GitWatch] Run at Sun Nov 16 00:35:16 IST 2025
[GitWatch] Up to date
[GitWatch] Run at Sun Nov 16 00:35:26 IST 2025
[GitWatch] Up to date
[GitWatch] Run at Sun Nov 16 00:35:36 IST 2025
[GitWatch] Up to date
[GitWatch] Run at Sun Nov 16 00:35:46 IST 2025
[GitWatch] Up to date
[GitWatch] Run at Sun Nov 16 00:35:57 IST 2025
[GitWatch] Up to date
[GitWatch] Run at Sun Nov 16 00:36:07 IST 2025
[GitWatch] Up to date
[GitWatch] Run at Sun Nov 16 00:36:17 IST 2025
[GitWatch] Up to date
[GitWatch] Run at Sun Nov 16 00:36:27 IST 2025
[GitWatch] Up to date
[GitWatch] Run at Sun Nov 16 00:36:37 IST 2025
[GitWatch] Up to date
[GitWatch] Run at Sun Nov 16 00:36:47 IST 2025
[GitWatch] Up to date
[GitWatch] Run at Sun Nov 16 00:36:58 IST 2025
[GitWatch] Up to date
[GitWatch] Run at Sun Nov 16 00:37:08 IST 2025
[GitWatch] Up to date
[GitWatch] Run at Sun Nov 16 00:37:18 IST 2025
[GitWatch] Up to date
[GitWatch] Run at Sun Nov 16 00:37:28 IST 2025
[GitWatch] Up to date
[GitWatch] Run at Sun Nov 16 00:37:38 IST 2025
[GitWatch] Up to date
[GitWatch] Run at Sun Nov 16 00:37:49 IST 2025
[GitWatch] Up to date
[GitWatch] Run at Sun Nov 16 00:37:59 IST 2025
[GitWatch] Up to date
[GitWatch] Run at Sun Nov 16 00:38:09 IST 2025
[GitWatch] Up to date
[GitWatch] Run at Sun Nov 16 00:38:19 IST 2025
[GitWatch] Up to date
[GitWatch] Run at Sun Nov 16 00:38:29 IST 2025
[GitWatch] Up to date
[GitWatch] Run at Sun Nov 16 00:38:40 IST 2025
[GitWatch] Up to date
[GitWatch] Run at Sun Nov 16 00:38:50 IST 2025
[GitWatch] Up to date
[GitWatch] Run at Sun Nov 16 00:39:00 IST 2025
[GitWatch] Up to date
[GitWatch] Run at Sun Nov 16 00:39:10 IST 2025
[GitWatch] Up to date
[GitWatch] Run at Sun Nov 16 00:39:20 IST 2025
[GitWatch] Up to date
[GitWatch] Run at Sun Nov 16 00:39:31 IST 2025
[GitWatch] Up to date
[GitWatch] Run at Sun Nov 16 00:39:41 IST 2025
[GitWatch] Up to date
[GitWatch] Run at Sun Nov 16 00:39:51 IST 2025
[GitWatch] Up to date
[GitWatch] Run at Sun Nov 16 00:40:01 IST 2025
[GitWatch] Up to date
[GitWatch] Run at Sun Nov 16 00:40:11 IST 2025
[GitWatch] Up to date
[GitWatch] Run at Sun Nov 16 00:40:21 IST 2025
[GitWatch] Up to date
[GitWatch] Run at Sun Nov 16 00:40:32 IST 2025
[GitWatch] Up to date
[GitWatch] Run at Sun Nov 16 00:40:42 IST 2025
[GitWatch] Up to date
[GitWatch] Run at Sun Nov 16 00:40:52 IST 2025
[GitWatch] Up to date
[GitWatch] Run at Sun Nov 16 00:41:02 IST 2025
[GitWatch] Up to date
[GitWatch] Run at Sun Nov 16 00:41:12 IST 2025
[GitWatch] Up to date
[GitWatch] Run at Sun Nov 16 00:41:23 IST 2025
[GitWatch] Up to date
[GitWatch] Run at Sun Nov 16 00:41:33 IST 2025
[GitWatch] Up to date
[GitWatch] Run at Sun Nov 16 00:41:43 IST 2025
[GitWatch] Up to date
[GitWatch] Run at Sun Nov 16 00:41:53 IST 2025
[GitWatch] Up to date
[GitWatch] Run at Sun Nov 16 00:42:03 IST 2025
[GitWatch] Up to date
[GitWatch] Run at Sun Nov 16 00:42:14 IST 2025
[GitWatch] Up to date
[GitWatch] Run at Sun Nov 16 00:42:24 IST 2025
[GitWatch] Up to date
[GitWatch] Run at Sun Nov 16 00:42:34 IST 2025
[GitWatch] Up to date
[GitWatch] Run at Sun Nov 16 00:42:44 IST 2025
[GitWatch] Up to date
[GitWatch] Run at Sun Nov 16 00:42:54 IST 2025
[GitWatch] Up to date
[GitWatch] Run at Sun Nov 16 00:43:04 IST 2025
[GitWatch] Up to date
[GitWatch] Run at Sun Nov 16 00:43:15 IST 2025
[GitWatch] Up to date
[GitWatch] Run at Sun Nov 16 00:43:25 IST 2025
[GitWatch] Up to date
[GitWatch] Run at Sun Nov 16 00:43:35 IST 2025
[GitWatch] Up to date
[GitWatch] Run at Sun Nov 16 00:43:45 IST 2025
[GitWatch] Up to date
[GitWatch] Run at Sun Nov 16 00:43:55 IST 2025
[GitWatch] Up to date
[GitWatch] Run at Sun Nov 16 00:44:06 IST 2025
[GitWatch] Up to date
[GitWatch] Run at Sun Nov 16 00:44:16 IST 2025
[GitWatch] Up to date
[GitWatch] Run at Sun Nov 16 00:44:26 IST 2025
[GitWatch] Up to date
[GitWatch] Run at Sun Nov 16 00:44:36 IST 2025
[GitWatch] Up to date
[GitWatch] Run at Sun Nov 16 00:44:46 IST 2025
[GitWatch] Up to date
[GitWatch] Run at Sun Nov 16 00:44:56 IST 2025
[GitWatch] Up to date
[GitWatch] Run at Sun Nov 16 00:45:07 IST 2025
[GitWatch] Up to date
[GitWatch] Run at Sun Nov 16 00:45:17 IST 2025
[GitWatch] Up to date
[GitWatch] Run at Sun Nov 16 00:45:27 IST 2025
[GitWatch] Up to date
[GitWatch] Run at Sun Nov 16 00:45:37 IST 2025
[GitWatch] Up to date
[GitWatch] Run at Sun Nov 16 00:45:47 IST 2025
[GitWatch] Up to date
[GitWatch] Run at Sun Nov 16 00:45:57 IST 2025
[GitWatch] Up to date
[GitWatch] Run at Sun Nov 16 00:46:08 IST 2025
[GitWatch] Up to date
[GitWatch] Run at Sun Nov 16 00:46:18 IST 2025
[GitWatch] Up to date
[GitWatch] Run at Sun Nov 16 00:46:28 IST 2025
[GitWatch] Up to date
[GitWatch] Run at Sun Nov 16 00:46:38 IST 2025
[GitWatch] Up to date
[GitWatch] Run at Sun Nov 16 00:46:48 IST 2025
[GitWatch] Up to date
[GitWatch] Run at Sun Nov 16 00:46:59 IST 2025
[GitWatch] Up to date
[GitWatch] Run at Sun Nov 16 00:47:09 IST 2025
[GitWatch] Up to date
[GitWatch] Run at Sun Nov 16 00:47:19 IST 2025
[GitWatch] Up to date
[GitWatch] Run at Sun Nov 16 00:47:29 IST 2025
[GitWatch] Up to date
[GitWatch] Run at Sun Nov 16 00:47:39 IST 2025
[GitWatch] Up to date
[GitWatch] Run at Sun Nov 16 00:47:50 IST 2025
[GitWatch] Up to date
[GitWatch] Run at Sun Nov 16 00:48:00 IST 2025
[GitWatch] Up to date
[GitWatch] Run at Sun Nov 16 00:48:10 IST 2025
[GitWatch] Up to date
[GitWatch] Run at Sun Nov 16 00:48:20 IST 2025
[GitWatch] Up to date
[GitWatch] Run at Sun Nov 16 00:48:30 IST 2025
[GitWatch] Up to date
[GitWatch] Run at Sun Nov 16 00:48:41 IST 2025
[GitWatch] Up to date
[GitWatch] Run at Sun Nov 16 00:48:51 IST 2025
[GitWatch] Up to date
[GitWatch] Run at Sun Nov 16 00:49:01 IST 2025
[GitWatch] Up to date
[GitWatch] Run at Sun Nov 16 00:49:11 IST 2025
[GitWatch] Up to date
[GitWatch] Run at Sun Nov 16 00:49:21 IST 2025
[GitWatch] Up to date
[GitWatch] Run at Sun Nov 16 00:49:31 IST 2025
[GitWatch] Up to date
[GitWatch] Run at Sun Nov 16 00:49:42 IST 2025
[GitWatch] Up to date
[GitWatch] Run at Sun Nov 16 00:49:52 IST 2025
[GitWatch] Up to date
[GitWatch] Run at Sun Nov 16 00:50:03 IST 2025
[GitWatch] Up to date
[GitWatch] Run at Sun Nov 16 00:50:13 IST 2025
[GitWatch] Up to date
[GitWatch] Run at Sun Nov 16 00:50:23 IST 2025
[GitWatch] Up to date
[GitWatch] Run at Sun Nov 16 00:50:33 IST 2025
[GitWatch] Up to date
[GitWatch] Run at Sun Nov 16 00:50:43 IST 2025
[GitWatch] Up to date
[GitWatch] Run at Sun Nov 16 00:50:53 IST 2025
[GitWatch] Up to date
[GitWatch] Run at Sun Nov 16 00:51:04 IST 2025
[GitWatch] Up to date
[GitWatch] Run at Sun Nov 16 00:51:14 IST 2025
[GitWatch] Up to date
[GitWatch] Run at Sun Nov 16 00:51:24 IST 2025
[GitWatch] Up to date
[GitWatch] Run at Sun Nov 16 00:51:34 IST 2025
[GitWatch] Up to date
[GitWatch] Run at Sun Nov 16 00:51:44 IST 2025
[GitWatch] Up to date
[GitWatch] Run at Sun Nov 16 00:51:54 IST 2025
[GitWatch] Up to date
[GitWatch] Run at Sun Nov 16 00:52:05 IST 2025
[GitWatch] Up to date
[GitWatch] Run at Sun Nov 16 00:52:15 IST 2025
[GitWatch] Up to date
[GitWatch] Run at Sun Nov 16 00:52:25 IST 2025
[GitWatch] Up to date
[GitWatch] Run at Sun Nov 16 00:52:35 IST 2025
[GitWatch] Up to date
[GitWatch] Run at Sun Nov 16 00:52:45 IST 2025
[GitWatch] Up to date
[GitWatch] Run at Sun Nov 16 00:52:56 IST 2025
[GitWatch] Up to date
[GitWatch] Run at Sun Nov 16 00:53:06 IST 2025
[GitWatch] Up to date
[GitWatch] Run at Sun Nov 16 00:53:16 IST 2025
[GitWatch] Up to date
[GitWatch] Run at Sun Nov 16 00:53:26 IST 2025
[GitWatch] Up to date
[GitWatch] Run at Sun Nov 16 00:53:36 IST 2025
[GitWatch] Up to date
[GitWatch] Run at Sun Nov 16 00:53:47 IST 2025
[GitWatch] Up to date
[GitWatch] Run at Sun Nov 16 00:53:57 IST 2025
[GitWatch] Up to date
[GitWatch] Run at Sun Nov 16 00:54:07 IST 2025
[GitWatch] Up to date
[GitWatch] Run at Sun Nov 16 00:54:17 IST 2025
[GitWatch] Up to date
[GitWatch] Run at Sun Nov 16 00:54:27 IST 2025
[GitWatch] Up to date
[GitWatch] Run at Sun Nov 16 00:54:38 IST 2025
[GitWatch] Up to date
[GitWatch] Run at Sun Nov 16 00:54:48 IST 2025
[GitWatch] Up to date
[GitWatch] Run at Sun Nov 16 00:54:58 IST 2025
[GitWatch] Up to date
[GitWatch] Run at Sun Nov 16 00:55:08 IST 2025
[GitWatch] Up to date
[GitWatch] Run at Sun Nov 16 00:55:18 IST 2025
[GitWatch] Up to date
[GitWatch] Run at Sun Nov 16 00:55:28 IST 2025
[GitWatch] Up to date
[GitWatch] Run at Sun Nov 16 00:55:39 IST 2025
[GitWatch] Up to date
[GitWatch] Run at Sun Nov 16 00:55:49 IST 2025
[GitWatch] Up to date
[GitWatch] Run at Sun Nov 16 00:55:59 IST 2025
[GitWatch] Up to date
[GitWatch] Run at Sun Nov 16 00:56:09 IST 2025
[GitWatch] Up to date
[GitWatch] Run at Sun Nov 16 00:56:19 IST 2025
[GitWatch] Up to date
[GitWatch] Run at Sun Nov 16 00:56:30 IST 2025
[GitWatch] Up to date
[GitWatch] Run at Sun Nov 16 00:56:40 IST 2025
[GitWatch] Up to date
[GitWatch] Run at Sun Nov 16 00:56:50 IST 2025
[GitWatch] Up to date
[GitWatch] Run at Sun Nov 16 00:57:00 IST 2025
[GitWatch] Up to date
[GitWatch] Run at Sun Nov 16 00:57:10 IST 2025
[GitWatch] Up to date
[GitWatch] Run at Sun Nov 16 00:57:21 IST 2025
[GitWatch] Up to date
[GitWatch] Run at Sun Nov 16 00:57:31 IST 2025
[GitWatch] Up to date
[GitWatch] Run at Sun Nov 16 00:57:41 IST 2025
[GitWatch] Up to date
[GitWatch] Run at Sun Nov 16 00:57:51 IST 2025
[GitWatch] Up to date
[GitWatch] Run at Sun Nov 16 00:58:01 IST 2025
[GitWatch] Up to date
[GitWatch] Run at Sun Nov 16 00:58:11 IST 2025
[GitWatch] Up to date
[GitWatch] Run at Sun Nov 16 00:58:22 IST 2025
[GitWatch] Up to date
[GitWatch] Run at Sun Nov 16 00:58:32 IST 2025
[GitWatch] Up to date
[GitWatch] Run at Sun Nov 16 00:58:42 IST 2025
[GitWatch] Up to date
[GitWatch] Run at Sun Nov 16 00:58:52 IST 2025
[GitWatch] Up to date
[GitWatch] Run at Sun Nov 16 00:59:02 IST 2025
[GitWatch] Up to date
[GitWatch] Run at Sun Nov 16 00:59:13 IST 2025
[GitWatch] Up to date
[GitWatch] Run at Sun Nov 16 00:59:23 IST 2025
[GitWatch] Up to date
[GitWatch] Run at Sun Nov 16 00:59:33 IST 2025
[GitWatch] Up to date
[GitWatch] Run at Sun Nov 16 00:59:43 IST 2025
[GitWatch] Up to date
[GitWatch] Run at Sun Nov 16 00:59:53 IST 2025
[GitWatch] Up to date
[GitWatch] Run at Sun Nov 16 01:00:04 IST 2025
[GitWatch] Up to date
[GitWatch] Run at Sun Nov 16 01:00:14 IST 2025
[GitWatch] Up to date
[GitWatch] Run at Sun Nov 16 01:00:24 IST 2025
[GitWatch] Up to date
[GitWatch] Run at Sun Nov 16 01:00:34 IST 2025
[GitWatch] Up to date
[GitWatch] Run at Sun Nov 16 01:00:44 IST 2025
[GitWatch] Up to date
[GitWatch] Run at Sun Nov 16 01:00:55 IST 2025
[GitWatch] Up to date
[GitWatch] Run at Sun Nov 16 01:01:05 IST 2025
[GitWatch] Up to date
[GitWatch] Run at Sun Nov 16 01:01:15 IST 2025
[GitWatch] Up to date
[GitWatch] Run at Sun Nov 16 01:01:25 IST 2025
[GitWatch] Up to date
[GitWatch] Run at Sun Nov 16 01:01:35 IST 2025
[GitWatch] Up to date
[GitWatch] Run at Sun Nov 16 01:01:46 IST 2025
[GitWatch] Up to date
[GitWatch] Run at Sun Nov 16 01:01:56 IST 2025
[GitWatch] Up to date
[GitWatch] Run at Sun Nov 16 01:02:06 IST 2025
[GitWatch] Up to date
[GitWatch] Run at Sun Nov 16 01:02:16 IST 2025
[GitWatch] Up to date
[GitWatch] Run at Sun Nov 16 01:02:26 IST 2025
[GitWatch] Up to date
[GitWatch] Run at Sun Nov 16 01:02:36 IST 2025
[GitWatch] Up to date
[GitWatch] Run at Sun Nov 16 01:02:47 IST 2025
[GitWatch] Up to date
[GitWatch] Run at Sun Nov 16 01:02:57 IST 2025
[GitWatch] Up to date
[GitWatch] Run at Sun Nov 16 01:03:07 IST 2025
[GitWatch] Up to date
[GitWatch] Run at Sun Nov 16 01:03:17 IST 2025
[GitWatch] Up to date
[GitWatch] Run at Sun Nov 16 01:03:27 IST 2025
[GitWatch] Up to date
[GitWatch] Run at Sun Nov 16 01:03:38 IST 2025
[GitWatch] Up to date
[GitWatch] Run at Sun Nov 16 01:03:48 IST 2025
[GitWatch] Up to date
[GitWatch] Run at Sun Nov 16 01:03:58 IST 2025
[GitWatch] Up to date
[GitWatch] Run at Sun Nov 16 01:04:08 IST 2025
[GitWatch] Up to date
[GitWatch] Run at Sun Nov 16 01:04:18 IST 2025
[GitWatch] Up to date
[GitWatch] Run at Sun Nov 16 01:04:29 IST 2025
[GitWatch] Up to date
[GitWatch] Run at Sun Nov 16 01:04:39 IST 2025
[GitWatch] Up to date
[GitWatch] Run at Sun Nov 16 01:04:49 IST 2025
[GitWatch] Up to date
[GitWatch] Run at Sun Nov 16 01:04:59 IST 2025
[GitWatch] Up to date
[GitWatch] Run at Sun Nov 16 01:05:09 IST 2025
[GitWatch] Up to date
[GitWatch] Run at Sun Nov 16 01:05:20 IST 2025
[GitWatch] Up to date
[GitWatch] Run at Sun Nov 16 01:05:30 IST 2025
[GitWatch] Up to date
[GitWatch] Run at Sun Nov 16 01:05:40 IST 2025
[GitWatch] Up to date
[GitWatch] Run at Sun Nov 16 01:05:50 IST 2025
[GitWatch] Up to date
[GitWatch] Run at Sun Nov 16 01:06:00 IST 2025
[GitWatch] Up to date
[GitWatch] Run at Sun Nov 16 01:06:10 IST 2025
[GitWatch] Up to date
[GitWatch] Run at Sun Nov 16 01:06:21 IST 2025
[GitWatch] Up to date
[GitWatch] Run at Sun Nov 16 01:06:31 IST 2025
[GitWatch] Up to date
[GitWatch] Run at Sun Nov 16 01:06:41 IST 2025
[GitWatch] Up to date
[GitWatch] Run at Sun Nov 16 01:06:51 IST 2025
[GitWatch] Up to date
[GitWatch] Run at Sun Nov 16 01:07:01 IST 2025
[GitWatch] Up to date
[GitWatch] Run at Sun Nov 16 01:07:12 IST 2025
[GitWatch] Up to date
[GitWatch] Run at Sun Nov 16 01:07:22 IST 2025
[GitWatch] Up to date
[GitWatch] Run at Sun Nov 16 01:07:32 IST 2025
[GitWatch] Up to date
[GitWatch] Run at Sun Nov 16 01:07:42 IST 2025
[GitWatch] Up to date
[GitWatch] Run at Sun Nov 16 01:07:52 IST 2025
[GitWatch] Up to date
[GitWatch] Run at Sun Nov 16 01:08:03 IST 2025
[GitWatch] Up to date
[GitWatch] Run at Sun Nov 16 01:08:13 IST 2025
[GitWatch] Up to date
[GitWatch] Run at Sun Nov 16 01:08:23 IST 2025
[GitWatch] Up to date
[GitWatch] Run at Sun Nov 16 01:08:33 IST 2025
[GitWatch] Up to date
[GitWatch] Run at Sun Nov 16 01:08:43 IST 2025
[GitWatch] Up to date
[GitWatch] Run at Sun Nov 16 01:08:54 IST 2025
[GitWatch] Up to date
[GitWatch] Run at Sun Nov 16 01:09:04 IST 2025
[GitWatch] Up to date
[GitWatch] Run at Sun Nov 16 01:09:14 IST 2025
[GitWatch] Up to date
[GitWatch] Run at Sun Nov 16 01:09:24 IST 2025
[GitWatch] Up to date
[GitWatch] Run at Sun Nov 16 01:09:34 IST 2025
[GitWatch] Up to date
[GitWatch] Run at Sun Nov 16 01:09:44 IST 2025
[GitWatch] Up to date
[GitWatch] Run at Sun Nov 16 01:09:55 IST 2025
[GitWatch] Up to date
[GitWatch] Run at Sun Nov 16 01:10:05 IST 2025
[GitWatch] Up to date
[GitWatch] Run at Sun Nov 16 01:10:15 IST 2025
[GitWatch] Up to date
[GitWatch] Run at Sun Nov 16 01:10:25 IST 2025
[GitWatch] Up to date
[GitWatch] Run at Sun Nov 16 01:10:35 IST 2025
[GitWatch] Up to date
[GitWatch] Run at Sun Nov 16 01:10:46 IST 2025
[GitWatch] Up to date
[GitWatch] Run at Sun Nov 16 01:10:56 IST 2025
[GitWatch] Up to date
[GitWatch] Run at Sun Nov 16 01:11:06 IST 2025
[GitWatch] Up to date
[GitWatch] Run at Sun Nov 16 01:11:16 IST 2025
[GitWatch] Up to date
[GitWatch] Run at Sun Nov 16 01:11:26 IST 2025
[GitWatch] Up to date
[GitWatch] Run at Sun Nov 16 01:11:36 IST 2025
[GitWatch] Up to date
[GitWatch] Run at Sun Nov 16 01:11:47 IST 2025
[GitWatch] Up to date
[GitWatch] Run at Sun Nov 16 01:11:57 IST 2025
[GitWatch] Up to date
[GitWatch] Run at Sun Nov 16 01:12:07 IST 2025
[GitWatch] Up to date
[GitWatch] Run at Sun Nov 16 01:12:17 IST 2025
[GitWatch] Up to date
[GitWatch] Run at Sun Nov 16 01:12:27 IST 2025
[GitWatch] Up to date
[GitWatch] Run at Sun Nov 16 01:12:38 IST 2025
[GitWatch] Up to date
[GitWatch] Run at Sun Nov 16 01:12:48 IST 2025
[GitWatch] Up to date
[GitWatch] Run at Sun Nov 16 01:12:58 IST 2025
[GitWatch] Up to date
[GitWatch] Run at Sun Nov 16 01:13:08 IST 2025
[GitWatch] Up to date
[GitWatch] Run at Sun Nov 16 01:13:18 IST 2025
[GitWatch] Up to date
[GitWatch] Run at Sun Nov 16 01:13:29 IST 2025
[GitWatch] Up to date
[GitWatch] Run at Sun Nov 16 01:13:39 IST 2025
[GitWatch] Up to date
[GitWatch] Run at Sun Nov 16 01:13:49 IST 2025
[GitWatch] Up to date
[GitWatch] Run at Sun Nov 16 01:13:59 IST 2025
[GitWatch] Up to date
[GitWatch] Run at Sun Nov 16 01:14:09 IST 2025
[GitWatch] Up to date
[GitWatch] Run at Sun Nov 16 01:14:20 IST 2025
[GitWatch] Up to date
[GitWatch] Run at Sun Nov 16 01:14:30 IST 2025
[GitWatch] Up to date
[GitWatch] Run at Sun Nov 16 01:14:40 IST 2025
[GitWatch] Up to date
[GitWatch] Run at Sun Nov 16 01:14:50 IST 2025
[GitWatch] Up to date
[GitWatch] Run at Sun Nov 16 01:15:00 IST 2025
[GitWatch] Up to date
[GitWatch] Run at Sun Nov 16 01:15:11 IST 2025
[GitWatch] Up to date
[GitWatch] Run at Sun Nov 16 01:15:21 IST 2025
[GitWatch] Up to date
[GitWatch] Run at Sun Nov 16 01:15:31 IST 2025
[GitWatch] Up to date
[GitWatch] Run at Sun Nov 16 01:15:41 IST 2025
[GitWatch] Up to date
[GitWatch] Run at Sun Nov 16 01:15:51 IST 2025
[GitWatch] Up to date
[GitWatch] Run at Sun Nov 16 01:16:01 IST 2025
[GitWatch] Up to date
[GitWatch] Run at Sun Nov 16 01:16:12 IST 2025
[GitWatch] Up to date
[GitWatch] Run at Sun Nov 16 01:16:22 IST 2025
[GitWatch] Up to date
[GitWatch] Run at Sun Nov 16 01:16:32 IST 2025
[GitWatch] Up to date
[GitWatch] Run at Sun Nov 16 01:16:42 IST 2025
[GitWatch] Up to date
[GitWatch] Run at Sun Nov 16 01:16:52 IST 2025
[GitWatch] Up to date
[GitWatch] Run at Sun Nov 16 01:17:03 IST 2025
[GitWatch] Up to date
[GitWatch] Run at Sun Nov 16 01:17:13 IST 2025
[GitWatch] Up to date
[GitWatch] Run at Sun Nov 16 01:17:23 IST 2025
[GitWatch] Up to date
[GitWatch] Run at Sun Nov 16 01:17:33 IST 2025
[GitWatch] Up to date
[GitWatch] Run at Sun Nov 16 01:17:43 IST 2025
[GitWatch] Up to date
[GitWatch] Run at Sun Nov 16 01:17:54 IST 2025
[GitWatch] Up to date
[GitWatch] Run at Sun Nov 16 01:18:04 IST 2025
[GitWatch] Up to date
[GitWatch] Run at Sun Nov 16 01:18:14 IST 2025
[GitWatch] Up to date
[GitWatch] Run at Sun Nov 16 01:18:24 IST 2025
[GitWatch] Up to date
[GitWatch] Run at Sun Nov 16 01:18:34 IST 2025
[GitWatch] Up to date
[GitWatch] Run at Sun Nov 16 01:18:45 IST 2025
[GitWatch] Up to date
[GitWatch] Run at Sun Nov 16 01:18:55 IST 2025
[GitWatch] Up to date
[GitWatch] Run at Sun Nov 16 01:19:05 IST 2025
[GitWatch] Up to date
[GitWatch] Run at Sun Nov 16 01:19:15 IST 2025
[GitWatch] Up to date
[GitWatch] Run at Sun Nov 16 01:19:25 IST 2025
[GitWatch] Up to date
[GitWatch] Run at Sun Nov 16 01:19:36 IST 2025
[GitWatch] Up to date
[GitWatch] Run at Sun Nov 16 01:19:46 IST 2025
[GitWatch] Up to date
[GitWatch] Run at Sun Nov 16 01:19:56 IST 2025
[GitWatch] Up to date
[GitWatch] Run at Sun Nov 16 01:20:06 IST 2025
[GitWatch] Up to date
[GitWatch] Run at Sun Nov 16 01:20:16 IST 2025
[GitWatch] Up to date
[GitWatch] Run at Sun Nov 16 01:20:26 IST 2025
[GitWatch] Up to date
[GitWatch] Run at Sun Nov 16 01:20:37 IST 2025
[GitWatch] Up to date
[GitWatch] Run at Sun Nov 16 01:20:47 IST 2025
[GitWatch] Up to date
[GitWatch] Run at Sun Nov 16 01:20:57 IST 2025
[GitWatch] Up to date
[GitWatch] Run at Sun Nov 16 01:21:07 IST 2025
[GitWatch] Up to date
[GitWatch] Run at Sun Nov 16 01:21:17 IST 2025
[GitWatch] Up to date
[GitWatch] Run at Sun Nov 16 01:21:28 IST 2025
[GitWatch] Up to date
[GitWatch] Run at Sun Nov 16 01:21:38 IST 2025
[GitWatch] Up to date
[GitWatch] Run at Sun Nov 16 01:21:48 IST 2025
[GitWatch] Up to date
[GitWatch] Run at Sun Nov 16 01:21:58 IST 2025
[GitWatch] Up to date
[GitWatch] Run at Sun Nov 16 01:22:08 IST 2025
[GitWatch] Up to date
[GitWatch] Run at Sun Nov 16 01:22:18 IST 2025
[GitWatch] Up to date
[GitWatch] Run at Sun Nov 16 01:22:29 IST 2025
[GitWatch] Up to date
[GitWatch] Run at Sun Nov 16 01:22:39 IST 2025
[GitWatch] Up to date
[GitWatch] Run at Sun Nov 16 01:22:49 IST 2025
[GitWatch] Up to date
[GitWatch] Run at Sun Nov 16 01:22:59 IST 2025
[GitWatch] Up to date
[GitWatch] Run at Sun Nov 16 01:23:09 IST 2025
[GitWatch] Up to date
[GitWatch] Run at Sun Nov 16 01:23:20 IST 2025
[GitWatch] Up to date
[GitWatch] Run at Sun Nov 16 01:23:30 IST 2025
[GitWatch] Up to date
[GitWatch] Run at Sun Nov 16 01:23:40 IST 2025
[GitWatch] Up to date
[GitWatch] Run at Sun Nov 16 01:23:50 IST 2025
[GitWatch] Up to date
[GitWatch] Run at Sun Nov 16 01:24:00 IST 2025
[GitWatch] Up to date
[GitWatch] Run at Sun Nov 16 01:24:11 IST 2025
[GitWatch] Up to date
[GitWatch] Run at Sun Nov 16 01:24:21 IST 2025
[GitWatch] Up to date
[GitWatch] Run at Sun Nov 16 01:24:31 IST 2025
[GitWatch] Up to date
[GitWatch] Run at Sun Nov 16 01:24:41 IST 2025
[GitWatch] Up to date
[GitWatch] Run at Sun Nov 16 01:24:51 IST 2025
[GitWatch] Up to date
[GitWatch] Run at Sun Nov 16 01:25:02 IST 2025
[GitWatch] Up to date
[GitWatch] Run at Sun Nov 16 01:25:12 IST 2025
[GitWatch] Up to date
[GitWatch] Run at Sun Nov 16 01:25:22 IST 2025
[GitWatch] Up to date
[GitWatch] Run at Sun Nov 16 01:25:32 IST 2025
[GitWatch] Up to date
[GitWatch] Run at Sun Nov 16 01:25:42 IST 2025
[GitWatch] Up to date
[GitWatch] Run at Sun Nov 16 01:25:53 IST 2025
[GitWatch] Up to date
[GitWatch] Run at Sun Nov 16 01:26:03 IST 2025
[GitWatch] Up to date
[GitWatch] Run at Sun Nov 16 01:26:13 IST 2025
[GitWatch] Up to date
[GitWatch] Run at Sun Nov 16 01:26:23 IST 2025
[GitWatch] Up to date
[GitWatch] Run at Sun Nov 16 01:26:33 IST 2025
[GitWatch] Up to date
[GitWatch] Run at Sun Nov 16 01:26:43 IST 2025
[GitWatch] Up to date
[GitWatch] Run at Sun Nov 16 01:26:54 IST 2025
[GitWatch] Up to date
[GitWatch] Run at Sun Nov 16 01:27:04 IST 2025
[GitWatch] Up to date
[GitWatch] Run at Sun Nov 16 01:27:14 IST 2025
[GitWatch] Up to date
[GitWatch] Run at Sun Nov 16 01:27:24 IST 2025
[GitWatch] Up to date
[GitWatch] Run at Sun Nov 16 01:27:34 IST 2025
[GitWatch] Up to date
[GitWatch] Run at Sun Nov 16 01:27:45 IST 2025
[GitWatch] Up to date
[GitWatch] Run at Sun Nov 16 01:27:55 IST 2025
[GitWatch] Up to date
[GitWatch] Run at Sun Nov 16 01:28:05 IST 2025
[GitWatch] Up to date
[GitWatch] Run at Sun Nov 16 01:28:15 IST 2025
[GitWatch] Up to date
[GitWatch] Run at Sun Nov 16 01:28:25 IST 2025
[GitWatch] Up to date
[GitWatch] Run at Sun Nov 16 01:28:36 IST 2025
[GitWatch] Up to date
[GitWatch] Run at Sun Nov 16 01:28:46 IST 2025
[GitWatch] Up to date
[GitWatch] Run at Sun Nov 16 01:28:56 IST 2025
[GitWatch] Up to date
[GitWatch] Run at Sun Nov 16 01:29:06 IST 2025
[GitWatch] Up to date
[GitWatch] Run at Sun Nov 16 01:29:16 IST 2025
[GitWatch] Up to date
[GitWatch] Run at Sun Nov 16 01:29:27 IST 2025
[GitWatch] Up to date
[GitWatch] Run at Sun Nov 16 01:29:37 IST 2025
[GitWatch] Up to date
[GitWatch] Run at Sun Nov 16 01:29:47 IST 2025
[GitWatch] Up to date
[GitWatch] Run at Sun Nov 16 01:29:57 IST 2025
[GitWatch] Up to date
[GitWatch] Run at Sun Nov 16 01:30:07 IST 2025
[GitWatch] Up to date
[GitWatch] Run at Sun Nov 16 01:30:17 IST 2025
[GitWatch] Up to date
[GitWatch] Run at Sun Nov 16 01:30:28 IST 2025
[GitWatch] Up to date
[GitWatch] Run at Sun Nov 16 01:30:38 IST 2025
[GitWatch] Up to date
[GitWatch] Run at Sun Nov 16 01:30:48 IST 2025
[GitWatch] Up to date
[GitWatch] Run at Sun Nov 16 01:30:58 IST 2025
[GitWatch] Up to date
[GitWatch] Run at Sun Nov 16 01:31:08 IST 2025
[GitWatch] Up to date
[GitWatch] Run at Sun Nov 16 01:31:19 IST 2025
[GitWatch] Up to date
[GitWatch] Run at Sun Nov 16 01:31:29 IST 2025
[GitWatch] Up to date
[GitWatch] Run at Sun Nov 16 01:31:39 IST 2025
[GitWatch] Up to date
[GitWatch] Run at Sun Nov 16 01:31:49 IST 2025
[GitWatch] Up to date
[GitWatch] Run at Sun Nov 16 01:31:59 IST 2025
[GitWatch] Up to date
[GitWatch] Run at Sun Nov 16 01:32:10 IST 2025
[GitWatch] Up to date
[GitWatch] Run at Sun Nov 16 01:32:20 IST 2025
[GitWatch] Up to date
[GitWatch] Run at Sun Nov 16 01:32:30 IST 2025
[GitWatch] Up to date
[GitWatch] Run at Sun Nov 16 01:32:40 IST 2025
[GitWatch] Up to date
[GitWatch] Run at Sun Nov 16 01:32:50 IST 2025
[GitWatch] Up to date
[GitWatch] Run at Sun Nov 16 01:33:01 IST 2025
[GitWatch] Up to date
[GitWatch] Run at Sun Nov 16 01:33:11 IST 2025
[GitWatch] Up to date
[GitWatch] Run at Sun Nov 16 01:33:21 IST 2025
[GitWatch] Up to date
[GitWatch] Run at Sun Nov 16 01:33:31 IST 2025
[GitWatch] Up to date
[GitWatch] Run at Sun Nov 16 01:33:41 IST 2025
[GitWatch] Up to date
[GitWatch] Run at Sun Nov 16 01:33:52 IST 2025
[GitWatch] Up to date
[GitWatch] Run at Sun Nov 16 01:34:02 IST 2025
[GitWatch] Up to date
[GitWatch] Run at Sun Nov 16 01:34:12 IST 2025
[GitWatch] Up to date
[GitWatch] Run at Sun Nov 16 01:34:22 IST 2025
[GitWatch] Up to date
[GitWatch] Run at Sun Nov 16 01:34:32 IST 2025
[GitWatch] Up to date
[GitWatch] Run at Sun Nov 16 01:34:42 IST 2025
[GitWatch] Up to date
[GitWatch] Run at Sun Nov 16 01:34:53 IST 2025
[GitWatch] Up to date
[GitWatch] Run at Sun Nov 16 01:35:03 IST 2025
[GitWatch] Up to date
[GitWatch] Run at Sun Nov 16 01:35:13 IST 2025
[GitWatch] Up to date
[GitWatch] Run at Sun Nov 16 01:35:23 IST 2025
[GitWatch] Up to date
[GitWatch] Run at Sun Nov 16 01:35:33 IST 2025
[GitWatch] Up to date
[GitWatch] Run at Sun Nov 16 01:35:44 IST 2025
[GitWatch] Up to date
[GitWatch] Run at Sun Nov 16 01:35:54 IST 2025
[GitWatch] Up to date
[GitWatch] Run at Sun Nov 16 01:36:04 IST 2025
[GitWatch] Up to date
[GitWatch] Run at Sun Nov 16 01:36:14 IST 2025
[GitWatch] Up to date
[GitWatch] Run at Sun Nov 16 01:36:24 IST 2025
[GitWatch] Up to date
[GitWatch] Run at Sun Nov 16 01:36:35 IST 2025
[GitWatch] Up to date
[GitWatch] Run at Sun Nov 16 01:36:45 IST 2025
[GitWatch] Up to date
[GitWatch] Run at Sun Nov 16 01:36:55 IST 2025
[GitWatch] Up to date
[GitWatch] Run at Sun Nov 16 01:37:05 IST 2025
[GitWatch] Up to date
[GitWatch] Run at Sun Nov 16 01:37:15 IST 2025
[GitWatch] Up to date
[GitWatch] Run at Sun Nov 16 01:37:25 IST 2025
[GitWatch] Up to date
[GitWatch] Run at Sun Nov 16 01:37:36 IST 2025
[GitWatch] Up to date
[GitWatch] Run at Sun Nov 16 01:37:46 IST 2025
[GitWatch] Up to date
[GitWatch] Run at Sun Nov 16 01:37:56 IST 2025
[GitWatch] Up to date
[GitWatch] Run at Sun Nov 16 01:38:06 IST 2025
[GitWatch] Up to date
[GitWatch] Run at Sun Nov 16 01:38:16 IST 2025
[GitWatch] Up to date
[GitWatch] Run at Sun Nov 16 01:38:27 IST 2025
[GitWatch] Up to date
[GitWatch] Run at Sun Nov 16 01:38:37 IST 2025
[GitWatch] Up to date
[GitWatch] Run at Sun Nov 16 01:38:47 IST 2025
[GitWatch] Up to date
[GitWatch] Run at Sun Nov 16 01:38:57 IST 2025
[GitWatch] Up to date
[GitWatch] Run at Sun Nov 16 01:39:07 IST 2025
[GitWatch] Up to date
[GitWatch] Run at Sun Nov 16 01:39:18 IST 2025
[GitWatch] Up to date
[GitWatch] Run at Sun Nov 16 01:39:28 IST 2025
[GitWatch] Up to date
[GitWatch] Run at Sun Nov 16 01:39:38 IST 2025
[GitWatch] Up to date
[GitWatch] Run at Sun Nov 16 01:39:48 IST 2025
[GitWatch] Up to date
[GitWatch] Run at Sun Nov 16 01:39:58 IST 2025
[GitWatch] Up to date
[GitWatch] Run at Sun Nov 16 01:40:09 IST 2025
[GitWatch] Up to date
[GitWatch] Run at Sun Nov 16 01:40:19 IST 2025
[GitWatch] Up to date
[GitWatch] Run at Sun Nov 16 01:40:29 IST 2025
[GitWatch] Up to date
[GitWatch] Run at Sun Nov 16 01:40:39 IST 2025
[GitWatch] Up to date
[GitWatch] Run at Sun Nov 16 01:40:49 IST 2025
[GitWatch] Up to date
[GitWatch] Run at Sun Nov 16 01:40:59 IST 2025
[GitWatch] Up to date
[GitWatch] Run at Sun Nov 16 01:41:10 IST 2025
[GitWatch] Up to date
[GitWatch] Run at Sun Nov 16 01:41:20 IST 2025
[GitWatch] Up to date
[GitWatch] Run at Sun Nov 16 01:41:30 IST 2025
[GitWatch] Up to date
[GitWatch] Run at Sun Nov 16 01:41:40 IST 2025
[GitWatch] Up to date
[GitWatch] Run at Sun Nov 16 01:41:50 IST 2025
[GitWatch] Up to date
[GitWatch] Run at Sun Nov 16 01:42:01 IST 2025
[GitWatch] Up to date
[GitWatch] Run at Sun Nov 16 01:42:11 IST 2025
[GitWatch] Up to date
[GitWatch] Run at Sun Nov 16 01:42:21 IST 2025
[GitWatch] Up to date
[GitWatch] Run at Sun Nov 16 01:42:31 IST 2025
[GitWatch] Up to date
[GitWatch] Run at Sun Nov 16 01:42:41 IST 2025
[GitWatch] Up to date
[GitWatch] Run at Sun Nov 16 01:42:52 IST 2025
[GitWatch] Up to date
[GitWatch] Run at Sun Nov 16 01:43:02 IST 2025
[GitWatch] Up to date
[GitWatch] Run at Sun Nov 16 01:43:12 IST 2025
[GitWatch] Up to date
[GitWatch] Run at Sun Nov 16 01:43:22 IST 2025
[GitWatch] Up to date
[GitWatch] Run at Sun Nov 16 01:43:32 IST 2025
[GitWatch] Up to date
[GitWatch] Run at Sun Nov 16 01:43:43 IST 2025
[GitWatch] Up to date
[GitWatch] Run at Sun Nov 16 01:43:53 IST 2025
[GitWatch] Up to date
[GitWatch] Run at Sun Nov 16 01:44:03 IST 2025
[GitWatch] Up to date
[GitWatch] Run at Sun Nov 16 01:44:13 IST 2025
[GitWatch] Up to date
[GitWatch] Run at Sun Nov 16 01:44:23 IST 2025
[GitWatch] Up to date
[GitWatch] Run at Sun Nov 16 01:44:33 IST 2025
[GitWatch] Up to date
[GitWatch] Run at Sun Nov 16 01:44:44 IST 2025
[GitWatch] Up to date
[GitWatch] Run at Sun Nov 16 01:44:54 IST 2025
[GitWatch] Up to date
[GitWatch] Run at Sun Nov 16 01:45:04 IST 2025
[GitWatch] Up to date
[GitWatch] Run at Sun Nov 16 01:45:14 IST 2025
[GitWatch] Up to date
[GitWatch] Run at Sun Nov 16 01:45:24 IST 2025
[GitWatch] Up to date
[GitWatch] Run at Sun Nov 16 01:45:35 IST 2025
[GitWatch] Up to date
[GitWatch] Run at Sun Nov 16 01:45:45 IST 2025
[GitWatch] Up to date
[GitWatch] Run at Sun Nov 16 01:45:55 IST 2025
[GitWatch] Up to date
[GitWatch] Run at Sun Nov 16 01:46:05 IST 2025
[GitWatch] Up to date
[GitWatch] Run at Sun Nov 16 01:46:15 IST 2025
[GitWatch] Up to date
[GitWatch] Run at Sun Nov 16 01:46:26 IST 2025
[GitWatch] Up to date
[GitWatch] Run at Sun Nov 16 01:46:36 IST 2025
[GitWatch] Up to date
[GitWatch] Run at Sun Nov 16 01:46:46 IST 2025
[GitWatch] Up to date
[GitWatch] Run at Sun Nov 16 01:46:56 IST 2025
[GitWatch] Up to date
[GitWatch] Run at Sun Nov 16 01:47:06 IST 2025
[GitWatch] Up to date
[GitWatch] Run at Sun Nov 16 01:47:17 IST 2025
[GitWatch] Up to date
[GitWatch] Run at Sun Nov 16 01:47:27 IST 2025
[GitWatch] Up to date
[GitWatch] Run at Sun Nov 16 01:47:37 IST 2025
[GitWatch] Up to date
[GitWatch] Run at Sun Nov 16 01:47:47 IST 2025
[GitWatch] Up to date
[GitWatch] Run at Sun Nov 16 01:47:57 IST 2025
[GitWatch] Up to date
[GitWatch] Run at Sun Nov 16 01:48:08 IST 2025
[GitWatch] Up to date
[GitWatch] Run at Sun Nov 16 01:48:18 IST 2025
[GitWatch] Up to date
[GitWatch] Run at Sun Nov 16 01:48:28 IST 2025
[GitWatch] Up to date
[GitWatch] Run at Sun Nov 16 01:48:38 IST 2025
[GitWatch] Up to date
[GitWatch] Run at Sun Nov 16 01:48:48 IST 2025
[GitWatch] Up to date
[GitWatch] Run at Sun Nov 16 01:48:58 IST 2025
[GitWatch] Up to date
[GitWatch] Run at Sun Nov 16 01:49:09 IST 2025
[GitWatch] Up to date
[GitWatch] Run at Sun Nov 16 01:49:19 IST 2025
[GitWatch] Up to date
[GitWatch] Run at Sun Nov 16 01:49:29 IST 2025
[GitWatch] Up to date
[GitWatch] Run at Sun Nov 16 01:49:39 IST 2025
[GitWatch] Up to date
[GitWatch] Run at Sun Nov 16 01:49:49 IST 2025
[GitWatch] Up to date
[GitWatch] Run at Sun Nov 16 01:50:00 IST 2025
[GitWatch] Up to date
[GitWatch] Run at Sun Nov 16 01:50:10 IST 2025
[GitWatch] Up to date
[GitWatch] Run at Sun Nov 16 01:50:20 IST 2025
[GitWatch] Up to date
[GitWatch] Run at Sun Nov 16 01:50:30 IST 2025
[GitWatch] Up to date
[GitWatch] Run at Sun Nov 16 01:50:40 IST 2025
[GitWatch] Up to date
[GitWatch] Run at Sun Nov 16 01:50:51 IST 2025
[GitWatch] Up to date
[GitWatch] Run at Sun Nov 16 01:51:01 IST 2025
[GitWatch] Up to date
[GitWatch] Run at Sun Nov 16 01:51:11 IST 2025
[GitWatch] Up to date
[GitWatch] Run at Sun Nov 16 01:51:21 IST 2025
[GitWatch] Up to date
[GitWatch] Run at Sun Nov 16 01:51:31 IST 2025
[GitWatch] Up to date
[GitWatch] Run at Sun Nov 16 01:51:42 IST 2025
[GitWatch] Up to date
[GitWatch] Run at Sun Nov 16 01:51:52 IST 2025
[GitWatch] Up to date
[GitWatch] Run at Sun Nov 16 01:52:02 IST 2025
[GitWatch] Up to date
[GitWatch] Run at Sun Nov 16 01:52:12 IST 2025
[GitWatch] Up to date
[GitWatch] Run at Sun Nov 16 01:52:22 IST 2025
[GitWatch] Up to date
[GitWatch] Run at Sun Nov 16 01:52:32 IST 2025
[GitWatch] Up to date
[GitWatch] Run at Sun Nov 16 01:52:43 IST 2025
[GitWatch] Up to date
[GitWatch] Run at Sun Nov 16 01:52:53 IST 2025
[GitWatch] Up to date
[GitWatch] Run at Sun Nov 16 01:53:03 IST 2025
[GitWatch] Up to date
[GitWatch] Run at Sun Nov 16 01:53:13 IST 2025
[GitWatch] Up to date
[GitWatch] Run at Sun Nov 16 01:53:23 IST 2025
[GitWatch] Up to date
[GitWatch] Run at Sun Nov 16 01:53:34 IST 2025
[GitWatch] Up to date
[GitWatch] Run at Sun Nov 16 01:53:44 IST 2025
[GitWatch] Up to date
[GitWatch] Run at Sun Nov 16 01:53:54 IST 2025
[GitWatch] Up to date
[GitWatch] Run at Sun Nov 16 01:54:04 IST 2025
[GitWatch] Up to date
[GitWatch] Run at Sun Nov 16 01:54:14 IST 2025
[GitWatch] Up to date
[GitWatch] Run at Sun Nov 16 01:54:25 IST 2025
[GitWatch] Up to date
[GitWatch] Run at Sun Nov 16 01:54:35 IST 2025
[GitWatch] Up to date
[GitWatch] Run at Sun Nov 16 01:54:45 IST 2025
[GitWatch] Up to date
[GitWatch] Run at Sun Nov 16 01:54:55 IST 2025
[GitWatch] Up to date
[GitWatch] Run at Sun Nov 16 01:55:05 IST 2025
[GitWatch] Up to date
[GitWatch] Run at Sun Nov 16 01:55:16 IST 2025
[GitWatch] Up to date
[GitWatch] Run at Sun Nov 16 01:55:26 IST 2025
[GitWatch] Up to date
[GitWatch] Run at Sun Nov 16 01:55:36 IST 2025
[GitWatch] Up to date
[GitWatch] Run at Sun Nov 16 01:55:46 IST 2025
[GitWatch] Up to date
[GitWatch] Run at Sun Nov 16 01:55:56 IST 2025
[GitWatch] Up to date
[GitWatch] Run at Sun Nov 16 01:56:06 IST 2025
[GitWatch] Up to date
[GitWatch] Run at Sun Nov 16 01:56:17 IST 2025
[GitWatch] Up to date
[GitWatch] Run at Sun Nov 16 01:56:27 IST 2025
[GitWatch] Up to date
[GitWatch] Run at Sun Nov 16 01:56:37 IST 2025
[GitWatch] Up to date
[GitWatch] Run at Sun Nov 16 01:56:47 IST 2025
[GitWatch] Up to date
[GitWatch] Run at Sun Nov 16 01:56:57 IST 2025
[GitWatch] Up to date
[GitWatch] Run at Sun Nov 16 01:57:08 IST 2025
[GitWatch] Up to date
[GitWatch] Run at Sun Nov 16 01:57:18 IST 2025
[GitWatch] Up to date
[GitWatch] Run at Sun Nov 16 01:57:28 IST 2025
[GitWatch] Up to date
[GitWatch] Run at Sun Nov 16 01:57:38 IST 2025
[GitWatch] Up to date
[GitWatch] Run at Sun Nov 16 01:57:48 IST 2025
[GitWatch] Up to date
[GitWatch] Run at Sun Nov 16 01:57:59 IST 2025
[GitWatch] Up to date
[GitWatch] Run at Sun Nov 16 01:58:09 IST 2025
[GitWatch] Up to date
[GitWatch] Run at Sun Nov 16 01:58:19 IST 2025
[GitWatch] Up to date
[GitWatch] Run at Sun Nov 16 01:58:29 IST 2025
[GitWatch] Up to date
[GitWatch] Run at Sun Nov 16 01:58:39 IST 2025
[GitWatch] Up to date
[GitWatch] Run at Sun Nov 16 01:58:50 IST 2025
[GitWatch] Up to date
[GitWatch] Run at Sun Nov 16 01:59:00 IST 2025
[GitWatch] Up to date
[GitWatch] Run at Sun Nov 16 01:59:10 IST 2025
[GitWatch] Up to date
[GitWatch] Run at Sun Nov 16 01:59:20 IST 2025
[GitWatch] Up to date
[GitWatch] Run at Sun Nov 16 01:59:30 IST 2025
[GitWatch] Up to date
[GitWatch] Run at Sun Nov 16 01:59:41 IST 2025
[GitWatch] Up to date
[GitWatch] Run at Sun Nov 16 01:59:51 IST 2025
[GitWatch] Up to date
[GitWatch] Run at Sun Nov 16 02:00:01 IST 2025
[GitWatch] Up to date
[GitWatch] Run at Sun Nov 16 02:00:11 IST 2025
[GitWatch] Up to date
[GitWatch] Run at Sun Nov 16 02:00:21 IST 2025
[GitWatch] Up to date
[GitWatch] Run at Sun Nov 16 02:00:31 IST 2025
[GitWatch] Up to date
[GitWatch] Run at Sun Nov 16 02:00:42 IST 2025
[GitWatch] Up to date
[GitWatch] Run at Sun Nov 16 02:00:52 IST 2025
[GitWatch] Up to date
[GitWatch] Run at Sun Nov 16 02:01:02 IST 2025
[GitWatch] Up to date
[GitWatch] Run at Sun Nov 16 02:01:12 IST 2025
[GitWatch] Up to date
[GitWatch] Run at Sun Nov 16 02:01:22 IST 2025
[GitWatch] Up to date
[GitWatch] Run at Sun Nov 16 02:01:33 IST 2025
[GitWatch] Up to date
[GitWatch] Run at Sun Nov 16 02:01:43 IST 2025
[GitWatch] Up to date
[GitWatch] Run at Sun Nov 16 02:01:53 IST 2025
[GitWatch] Up to date
[GitWatch] Run at Sun Nov 16 02:02:03 IST 2025
[GitWatch] Up to date
[GitWatch] Run at Sun Nov 16 02:02:13 IST 2025
[GitWatch] Up to date
[GitWatch] Run at Sun Nov 16 02:02:24 IST 2025
[GitWatch] Up to date
[GitWatch] Run at Sun Nov 16 02:02:34 IST 2025
[GitWatch] Up to date
[GitWatch] Run at Sun Nov 16 02:02:44 IST 2025
[GitWatch] Up to date
[GitWatch] Run at Sun Nov 16 02:02:54 IST 2025
[GitWatch] Up to date
[GitWatch] Run at Sun Nov 16 02:03:04 IST 2025
[GitWatch] Up to date
[GitWatch] Run at Sun Nov 16 02:03:15 IST 2025
[GitWatch] Up to date
[GitWatch] Run at Sun Nov 16 02:03:25 IST 2025
[GitWatch] Up to date
[GitWatch] Run at Sun Nov 16 02:03:35 IST 2025
[GitWatch] Up to date
[GitWatch] Run at Sun Nov 16 02:03:45 IST 2025
[GitWatch] Up to date
[GitWatch] Run at Sun Nov 16 02:03:55 IST 2025
[GitWatch] Up to date
[GitWatch] Run at Sun Nov 16 02:04:06 IST 2025
[GitWatch] Up to date
[GitWatch] Run at Sun Nov 16 02:04:16 IST 2025
[GitWatch] Up to date
[GitWatch] Run at Sun Nov 16 02:04:26 IST 2025
[GitWatch] Up to date
[GitWatch] Run at Sun Nov 16 02:04:36 IST 2025
[GitWatch] Up to date
[GitWatch] Run at Sun Nov 16 02:04:46 IST 2025
[GitWatch] Up to date
[GitWatch] Run at Sun Nov 16 02:04:57 IST 2025
[GitWatch] Up to date
[GitWatch] Run at Sun Nov 16 02:05:07 IST 2025
[GitWatch] Up to date
[GitWatch] Run at Sun Nov 16 02:05:17 IST 2025
[GitWatch] Up to date
[GitWatch] Run at Sun Nov 16 02:05:27 IST 2025
[GitWatch] Up to date
[GitWatch] Run at Sun Nov 16 02:05:37 IST 2025
[GitWatch] Up to date
[GitWatch] Run at Sun Nov 16 02:05:48 IST 2025
[GitWatch] Up to date
[GitWatch] Run at Sun Nov 16 02:05:58 IST 2025
[GitWatch] Up to date
[GitWatch] Run at Sun Nov 16 02:06:08 IST 2025
[GitWatch] Up to date
[GitWatch] Run at Sun Nov 16 02:06:18 IST 2025
[GitWatch] Up to date
[GitWatch] Run at Sun Nov 16 02:06:28 IST 2025
[GitWatch] Up to date
[GitWatch] Run at Sun Nov 16 02:06:38 IST 2025
[GitWatch] Up to date
[GitWatch] Run at Sun Nov 16 02:06:49 IST 2025
[GitWatch] Up to date
[GitWatch] Run at Sun Nov 16 02:06:59 IST 2025
[GitWatch] Up to date
[GitWatch] Run at Sun Nov 16 02:07:09 IST 2025
[GitWatch] Up to date
[GitWatch] Run at Sun Nov 16 02:07:19 IST 2025
[GitWatch] Up to date
[GitWatch] Run at Sun Nov 16 02:07:29 IST 2025
[GitWatch] Up to date
[GitWatch] Run at Sun Nov 16 02:07:40 IST 2025
[GitWatch] Up to date
[GitWatch] Run at Sun Nov 16 02:07:50 IST 2025
[GitWatch] Up to date
[GitWatch] Run at Sun Nov 16 02:08:00 IST 2025
[GitWatch] Up to date
[GitWatch] Run at Sun Nov 16 02:08:10 IST 2025
[GitWatch] Up to date
[GitWatch] Run at Sun Nov 16 02:08:20 IST 2025
[GitWatch] Up to date
[GitWatch] Run at Sun Nov 16 02:08:31 IST 2025
[GitWatch] Up to date
[GitWatch] Run at Sun Nov 16 02:08:41 IST 2025
[GitWatch] Up to date
[GitWatch] Run at Sun Nov 16 02:08:51 IST 2025
[GitWatch] Up to date
[GitWatch] Run at Sun Nov 16 02:09:01 IST 2025
[GitWatch] Up to date
[GitWatch] Run at Sun Nov 16 02:09:11 IST 2025
[GitWatch] Up to date
[GitWatch] Run at Sun Nov 16 02:09:21 IST 2025
[GitWatch] Up to date
[GitWatch] Run at Sun Nov 16 02:09:32 IST 2025
[GitWatch] Up to date
[GitWatch] Run at Sun Nov 16 02:09:42 IST 2025
[GitWatch] Up to date
[GitWatch] Run at Sun Nov 16 02:09:52 IST 2025
[GitWatch] Up to date
[GitWatch] Run at Sun Nov 16 02:10:02 IST 2025
[GitWatch] Up to date
[GitWatch] Run at Sun Nov 16 02:10:12 IST 2025
[GitWatch] Up to date
[GitWatch] Run at Sun Nov 16 02:10:23 IST 2025
[GitWatch] Up to date
[GitWatch] Run at Sun Nov 16 02:10:33 IST 2025
[GitWatch] Up to date
[GitWatch] Run at Sun Nov 16 02:10:43 IST 2025
[GitWatch] Up to date
[GitWatch] Run at Sun Nov 16 02:10:53 IST 2025
[GitWatch] Up to date
[GitWatch] Run at Sun Nov 16 02:11:03 IST 2025
[GitWatch] Up to date
[GitWatch] Run at Sun Nov 16 02:11:14 IST 2025
[GitWatch] Up to date
[GitWatch] Run at Sun Nov 16 02:11:24 IST 2025
[GitWatch] Up to date
[GitWatch] Run at Sun Nov 16 02:11:34 IST 2025
[GitWatch] Up to date
[GitWatch] Run at Sun Nov 16 02:11:44 IST 2025
[GitWatch] Up to date
[GitWatch] Run at Sun Nov 16 02:11:54 IST 2025
[GitWatch] Up to date
[GitWatch] Run at Sun Nov 16 02:12:05 IST 2025
[GitWatch] Up to date
[GitWatch] Run at Sun Nov 16 02:12:15 IST 2025
[GitWatch] Up to date
[GitWatch] Run at Sun Nov 16 02:12:25 IST 2025
[GitWatch] Up to date
[GitWatch] Run at Sun Nov 16 02:12:35 IST 2025
[GitWatch] Up to date
[GitWatch] Run at Sun Nov 16 02:12:45 IST 2025
[GitWatch] Up to date
[GitWatch] Run at Sun Nov 16 02:12:55 IST 2025
[GitWatch] Up to date
[GitWatch] Run at Sun Nov 16 02:13:06 IST 2025
[GitWatch] Up to date
[GitWatch] Run at Sun Nov 16 02:13:16 IST 2025
[GitWatch] Up to date
[GitWatch] Run at Sun Nov 16 02:13:26 IST 2025
[GitWatch] Up to date
[GitWatch] Run at Sun Nov 16 02:13:36 IST 2025
[GitWatch] Up to date
[GitWatch] Run at Sun Nov 16 02:13:46 IST 2025
[GitWatch] Up to date
[GitWatch] Run at Sun Nov 16 02:13:57 IST 2025
[GitWatch] Up to date
[GitWatch] Run at Sun Nov 16 02:14:07 IST 2025
[GitWatch] Up to date
[GitWatch] Run at Sun Nov 16 02:14:17 IST 2025
[GitWatch] Up to date
[GitWatch] Run at Sun Nov 16 02:14:27 IST 2025
[GitWatch] Up to date
[GitWatch] Run at Sun Nov 16 02:14:37 IST 2025
[GitWatch] Up to date
[GitWatch] Run at Sun Nov 16 02:14:48 IST 2025
[GitWatch] Up to date
[GitWatch] Run at Sun Nov 16 02:14:58 IST 2025
[GitWatch] Up to date
[GitWatch] Run at Sun Nov 16 02:15:08 IST 2025
[GitWatch] Up to date
[GitWatch] Run at Sun Nov 16 02:15:18 IST 2025
[GitWatch] Up to date
[GitWatch] Run at Sun Nov 16 02:15:28 IST 2025
[GitWatch] Up to date
[GitWatch] Run at Sun Nov 16 02:15:39 IST 2025
[GitWatch] Up to date
[GitWatch] Run at Sun Nov 16 02:15:49 IST 2025
[GitWatch] Up to date
[GitWatch] Run at Sun Nov 16 02:15:59 IST 2025
[GitWatch] Up to date
[GitWatch] Run at Sun Nov 16 02:16:09 IST 2025
[GitWatch] Up to date
[GitWatch] Run at Sun Nov 16 02:16:19 IST 2025
[GitWatch] Up to date
[GitWatch] Run at Sun Nov 16 02:16:29 IST 2025
[GitWatch] Up to date
[GitWatch] Run at Sun Nov 16 02:16:40 IST 2025
[GitWatch] Up to date
[GitWatch] Run at Sun Nov 16 02:16:50 IST 2025
[GitWatch] Up to date
[GitWatch] Run at Sun Nov 16 02:17:00 IST 2025
[GitWatch] Up to date
[GitWatch] Run at Sun Nov 16 02:17:10 IST 2025
[GitWatch] Up to date
[GitWatch] Run at Sun Nov 16 02:17:20 IST 2025
[GitWatch] Up to date
[GitWatch] Run at Sun Nov 16 02:17:31 IST 2025
[GitWatch] Up to date
[GitWatch] Run at Sun Nov 16 02:17:41 IST 2025
[GitWatch] Up to date
[GitWatch] Run at Sun Nov 16 02:17:51 IST 2025
[GitWatch] Up to date
[GitWatch] Run at Sun Nov 16 02:18:01 IST 2025
[GitWatch] Up to date
[GitWatch] Run at Sun Nov 16 02:18:11 IST 2025
[GitWatch] Up to date
[GitWatch] Run at Sun Nov 16 02:18:22 IST 2025
[GitWatch] Up to date
[GitWatch] Run at Sun Nov 16 02:18:32 IST 2025
[GitWatch] Up to date
[GitWatch] Run at Sun Nov 16 02:18:42 IST 2025
[GitWatch] Up to date
[GitWatch] Run at Sun Nov 16 02:18:52 IST 2025
[GitWatch] Up to date
[GitWatch] Run at Sun Nov 16 02:19:02 IST 2025
[GitWatch] Up to date
[GitWatch] Run at Sun Nov 16 02:19:13 IST 2025
[GitWatch] Up to date
[GitWatch] Run at Sun Nov 16 02:19:23 IST 2025
[GitWatch] Up to date
[GitWatch] Run at Sun Nov 16 02:19:33 IST 2025
[GitWatch] Up to date
[GitWatch] Run at Sun Nov 16 02:19:43 IST 2025
[GitWatch] Up to date
[GitWatch] Run at Sun Nov 16 02:19:53 IST 2025
[GitWatch] Up to date
[GitWatch] Run at Sun Nov 16 02:20:03 IST 2025
[GitWatch] Up to date
[GitWatch] Run at Sun Nov 16 02:20:14 IST 2025
[GitWatch] Up to date
[GitWatch] Run at Sun Nov 16 02:20:24 IST 2025
[GitWatch] Up to date
[GitWatch] Run at Sun Nov 16 02:20:34 IST 2025
[GitWatch] Up to date
[GitWatch] Run at Sun Nov 16 02:20:44 IST 2025
[GitWatch] Up to date
[GitWatch] Run at Sun Nov 16 02:20:54 IST 2025
[GitWatch] Up to date
[GitWatch] Run at Sun Nov 16 02:21:05 IST 2025
[GitWatch] Up to date
[GitWatch] Run at Sun Nov 16 02:21:15 IST 2025
[GitWatch] Up to date
[GitWatch] Run at Sun Nov 16 02:21:25 IST 2025
[GitWatch] Up to date
[GitWatch] Run at Sun Nov 16 02:21:35 IST 2025
[GitWatch] Up to date
[GitWatch] Run at Sun Nov 16 02:21:45 IST 2025
[GitWatch] Up to date
[GitWatch] Run at Sun Nov 16 02:21:56 IST 2025
[GitWatch] Up to date
[GitWatch] Run at Sun Nov 16 02:22:06 IST 2025
[GitWatch] Up to date
[GitWatch] Run at Sun Nov 16 02:22:16 IST 2025
[GitWatch] Up to date
[GitWatch] Run at Sun Nov 16 02:22:26 IST 2025
[GitWatch] Up to date
[GitWatch] Run at Sun Nov 16 02:22:36 IST 2025
[GitWatch] Up to date
[GitWatch] Run at Sun Nov 16 02:22:46 IST 2025
[GitWatch] Up to date
[GitWatch] Run at Sun Nov 16 02:22:57 IST 2025
[GitWatch] Up to date
[GitWatch] Run at Sun Nov 16 02:23:07 IST 2025
[GitWatch] Up to date
[GitWatch] Run at Sun Nov 16 02:23:17 IST 2025
[GitWatch] Up to date
[GitWatch] Run at Sun Nov 16 02:23:27 IST 2025
[GitWatch] Up to date
[GitWatch] Run at Sun Nov 16 02:23:37 IST 2025
[GitWatch] Up to date
[GitWatch] Run at Sun Nov 16 02:23:48 IST 2025
[GitWatch] Up to date
[GitWatch] Run at Sun Nov 16 02:23:58 IST 2025
[GitWatch] Up to date
[GitWatch] Run at Sun Nov 16 02:24:08 IST 2025
[GitWatch] Up to date
[GitWatch] Run at Sun Nov 16 02:24:18 IST 2025
[GitWatch] Up to date
[GitWatch] Run at Sun Nov 16 02:24:28 IST 2025
[GitWatch] Up to date
[GitWatch] Run at Sun Nov 16 02:24:39 IST 2025
[GitWatch] Up to date
[GitWatch] Run at Sun Nov 16 02:24:49 IST 2025
[GitWatch] Up to date
[GitWatch] Run at Sun Nov 16 02:24:59 IST 2025
[GitWatch] Up to date
[GitWatch] Run at Sun Nov 16 02:25:09 IST 2025
[GitWatch] Up to date
[GitWatch] Run at Sun Nov 16 02:25:19 IST 2025
[GitWatch] Up to date
[GitWatch] Run at Sun Nov 16 02:25:30 IST 2025
[GitWatch] Up to date
[GitWatch] Run at Sun Nov 16 02:25:40 IST 2025
[GitWatch] Up to date
[GitWatch] Run at Sun Nov 16 02:25:50 IST 2025
[GitWatch] Up to date
[GitWatch] Run at Sun Nov 16 02:26:00 IST 2025
[GitWatch] Up to date
[GitWatch] Run at Sun Nov 16 02:26:10 IST 2025
[GitWatch] Up to date
[GitWatch] Run at Sun Nov 16 02:26:21 IST 2025
[GitWatch] Up to date
[GitWatch] Run at Sun Nov 16 02:26:31 IST 2025
[GitWatch] Up to date
[GitWatch] Run at Sun Nov 16 02:26:41 IST 2025
[GitWatch] Up to date
[GitWatch] Run at Sun Nov 16 02:26:51 IST 2025
[GitWatch] Up to date
[GitWatch] Run at Sun Nov 16 02:27:01 IST 2025
[GitWatch] Up to date
[GitWatch] Run at Sun Nov 16 02:27:11 IST 2025
[GitWatch] Up to date
[GitWatch] Run at Sun Nov 16 02:27:22 IST 2025
[GitWatch] Up to date
[GitWatch] Run at Sun Nov 16 02:27:32 IST 2025
[GitWatch] Up to date
[GitWatch] Run at Sun Nov 16 02:27:42 IST 2025
[GitWatch] Up to date
[GitWatch] Run at Sun Nov 16 02:27:52 IST 2025
[GitWatch] Up to date
[GitWatch] Run at Sun Nov 16 02:28:02 IST 2025
[GitWatch] Up to date
[GitWatch] Run at Sun Nov 16 02:28:13 IST 2025
[GitWatch] Up to date
[GitWatch] Run at Sun Nov 16 02:28:23 IST 2025
[GitWatch] Up to date
[GitWatch] Run at Sun Nov 16 02:28:33 IST 2025
[GitWatch] Up to date
[GitWatch] Run at Sun Nov 16 02:28:43 IST 2025
[GitWatch] Up to date
[GitWatch] Run at Sun Nov 16 02:28:53 IST 2025
[GitWatch] Up to date
[GitWatch] Run at Sun Nov 16 02:29:04 IST 2025
[GitWatch] Up to date
[GitWatch] Run at Sun Nov 16 02:29:14 IST 2025
[GitWatch] Up to date
[GitWatch] Run at Sun Nov 16 02:29:24 IST 2025
[GitWatch] Up to date
[GitWatch] Run at Sun Nov 16 02:29:34 IST 2025
[GitWatch] Up to date
[GitWatch] Run at Sun Nov 16 02:29:44 IST 2025
[GitWatch] Up to date
[GitWatch] Run at Sun Nov 16 02:29:55 IST 2025
[GitWatch] Up to date
[GitWatch] Run at Sun Nov 16 02:30:05 IST 2025
[GitWatch] Up to date
[GitWatch] Run at Sun Nov 16 02:30:15 IST 2025
[GitWatch] Up to date
[GitWatch] Run at Sun Nov 16 02:30:25 IST 2025
[GitWatch] Up to date
[GitWatch] Run at Sun Nov 16 02:30:35 IST 2025
[GitWatch] Up to date
[GitWatch] Run at Sun Nov 16 02:30:46 IST 2025
[GitWatch] Up to date
[GitWatch] Run at Sun Nov 16 02:30:56 IST 2025
[GitWatch] Up to date
[GitWatch] Run at Sun Nov 16 02:31:06 IST 2025
[GitWatch] Up to date
[GitWatch] Run at Sun Nov 16 02:31:16 IST 2025
[GitWatch] Up to date
[GitWatch] Run at Sun Nov 16 02:31:26 IST 2025
[GitWatch] Up to date
[GitWatch] Run at Sun Nov 16 02:31:36 IST 2025
[GitWatch] Up to date
[GitWatch] Run at Sun Nov 16 02:31:47 IST 2025
[GitWatch] Up to date
[GitWatch] Run at Sun Nov 16 02:31:57 IST 2025
[GitWatch] Up to date
[GitWatch] Run at Sun Nov 16 02:32:07 IST 2025
[GitWatch] Up to date
[GitWatch] Run at Sun Nov 16 02:32:17 IST 2025
[GitWatch] Up to date
[GitWatch] Run at Sun Nov 16 02:32:27 IST 2025
[GitWatch] Up to date
[GitWatch] Run at Sun Nov 16 02:32:38 IST 2025
[GitWatch] Up to date
[GitWatch] Run at Sun Nov 16 02:32:48 IST 2025
[GitWatch] Up to date
[GitWatch] Run at Sun Nov 16 02:32:58 IST 2025
[GitWatch] Up to date
[GitWatch] Run at Sun Nov 16 02:33:08 IST 2025
[GitWatch] Up to date
[GitWatch] Run at Sun Nov 16 02:33:18 IST 2025
[GitWatch] Up to date
[GitWatch] Run at Sun Nov 16 02:33:29 IST 2025
[GitWatch] Up to date
[GitWatch] Run at Sun Nov 16 02:33:39 IST 2025
[GitWatch] Up to date
[GitWatch] Run at Sun Nov 16 02:33:49 IST 2025
[GitWatch] Up to date
[GitWatch] Run at Sun Nov 16 02:33:59 IST 2025
[GitWatch] Up to date
[GitWatch] Run at Sun Nov 16 02:34:09 IST 2025
[GitWatch] Up to date
[GitWatch] Run at Sun Nov 16 02:34:20 IST 2025
[GitWatch] Up to date
[GitWatch] Run at Sun Nov 16 02:34:30 IST 2025
[GitWatch] Up to date
[GitWatch] Run at Sun Nov 16 02:34:40 IST 2025
[GitWatch] Up to date
[GitWatch] Run at Sun Nov 16 02:34:50 IST 2025
[GitWatch] Up to date
[GitWatch] Run at Sun Nov 16 02:35:00 IST 2025
[GitWatch] Up to date
[GitWatch] Run at Sun Nov 16 02:35:10 IST 2025
[GitWatch] Up to date
[GitWatch] Run at Sun Nov 16 02:35:21 IST 2025
[GitWatch] Up to date
[GitWatch] Run at Sun Nov 16 02:35:31 IST 2025
[GitWatch] Up to date
[GitWatch] Run at Sun Nov 16 02:35:41 IST 2025
[GitWatch] Up to date
[GitWatch] Run at Sun Nov 16 02:35:51 IST 2025
[GitWatch] Up to date
[GitWatch] Run at Sun Nov 16 02:36:01 IST 2025
[GitWatch] Up to date
[GitWatch] Run at Sun Nov 16 02:36:12 IST 2025
[GitWatch] Up to date
[GitWatch] Run at Sun Nov 16 02:36:22 IST 2025
[GitWatch] Up to date
[GitWatch] Run at Sun Nov 16 02:36:32 IST 2025
[GitWatch] Up to date
[GitWatch] Run at Sun Nov 16 02:36:42 IST 2025
[GitWatch] Up to date
[GitWatch] Run at Sun Nov 16 02:36:52 IST 2025
[GitWatch] Up to date
[GitWatch] Run at Sun Nov 16 02:37:03 IST 2025
[GitWatch] Up to date
[GitWatch] Run at Sun Nov 16 02:37:13 IST 2025
[GitWatch] Up to date
[GitWatch] Run at Sun Nov 16 02:37:23 IST 2025
[GitWatch] Up to date
[GitWatch] Run at Sun Nov 16 02:37:33 IST 2025
[GitWatch] Up to date
[GitWatch] Run at Sun Nov 16 02:37:43 IST 2025
[GitWatch] Up to date
[GitWatch] Run at Sun Nov 16 02:37:54 IST 2025
[GitWatch] Up to date
[GitWatch] Run at Sun Nov 16 02:38:04 IST 2025
[GitWatch] Up to date
[GitWatch] Run at Sun Nov 16 02:38:14 IST 2025
[GitWatch] Up to date
[GitWatch] Run at Sun Nov 16 02:38:24 IST 2025
[GitWatch] Up to date
[GitWatch] Run at Sun Nov 16 02:38:34 IST 2025
[GitWatch] Up to date
[GitWatch] Run at Sun Nov 16 02:38:45 IST 2025
[GitWatch] Up to date
[GitWatch] Run at Sun Nov 16 02:38:55 IST 2025
[GitWatch] Up to date
[GitWatch] Run at Sun Nov 16 02:39:05 IST 2025
[GitWatch] Up to date
[GitWatch] Run at Sun Nov 16 02:39:15 IST 2025
[GitWatch] Up to date
[GitWatch] Run at Sun Nov 16 02:39:25 IST 2025
[GitWatch] Up to date
[GitWatch] Run at Sun Nov 16 02:39:36 IST 2025
[GitWatch] Up to date
[GitWatch] Run at Sun Nov 16 02:39:46 IST 2025
[GitWatch] Up to date
[GitWatch] Run at Sun Nov 16 02:39:56 IST 2025
[GitWatch] Up to date
[GitWatch] Run at Sun Nov 16 02:40:06 IST 2025
[GitWatch] Up to date
[GitWatch] Run at Sun Nov 16 02:40:16 IST 2025
[GitWatch] Up to date
[GitWatch] Run at Sun Nov 16 02:40:26 IST 2025
[GitWatch] Up to date
[GitWatch] Run at Sun Nov 16 02:40:37 IST 2025
[GitWatch] Up to date
[GitWatch] Run at Sun Nov 16 02:40:47 IST 2025
[GitWatch] Up to date
[GitWatch] Run at Sun Nov 16 02:40:57 IST 2025
[GitWatch] Up to date
[GitWatch] Run at Sun Nov 16 02:41:07 IST 2025
[GitWatch] Up to date
[GitWatch] Run at Sun Nov 16 02:41:17 IST 2025
[GitWatch] Up to date
[GitWatch] Run at Sun Nov 16 02:41:28 IST 2025
[GitWatch] Up to date
[GitWatch] Run at Sun Nov 16 02:41:38 IST 2025
[GitWatch] Up to date
[GitWatch] Run at Sun Nov 16 02:41:48 IST 2025
[GitWatch] Up to date
[GitWatch] Run at Sun Nov 16 02:41:58 IST 2025
[GitWatch] Up to date
[GitWatch] Run at Sun Nov 16 02:42:08 IST 2025
[GitWatch] Up to date
[GitWatch] Run at Sun Nov 16 02:42:19 IST 2025
[GitWatch] Up to date
[GitWatch] Run at Sun Nov 16 02:42:29 IST 2025
[GitWatch] Up to date
[GitWatch] Run at Sun Nov 16 02:42:39 IST 2025
[GitWatch] Up to date
[GitWatch] Run at Sun Nov 16 02:42:49 IST 2025
[GitWatch] Up to date
[GitWatch] Run at Sun Nov 16 02:42:59 IST 2025
[GitWatch] Up to date
[GitWatch] Run at Sun Nov 16 02:43:10 IST 2025
[GitWatch] Up to date
[GitWatch] Run at Sun Nov 16 02:43:20 IST 2025
[GitWatch] Up to date
[GitWatch] Run at Sun Nov 16 02:43:30 IST 2025
[GitWatch] Up to date
[GitWatch] Run at Sun Nov 16 02:43:40 IST 2025
[GitWatch] Up to date
[GitWatch] Run at Sun Nov 16 02:43:50 IST 2025
[GitWatch] Up to date
[GitWatch] Run at Sun Nov 16 02:44:00 IST 2025
[GitWatch] Up to date
[GitWatch] Run at Sun Nov 16 02:44:11 IST 2025
[GitWatch] Up to date
[GitWatch] Run at Sun Nov 16 02:44:21 IST 2025
[GitWatch] Up to date
[GitWatch] Run at Sun Nov 16 02:44:31 IST 2025
[GitWatch] Up to date
[GitWatch] Run at Sun Nov 16 02:44:41 IST 2025
[GitWatch] Up to date
[GitWatch] Run at Sun Nov 16 02:44:51 IST 2025
[GitWatch] Up to date
[GitWatch] Run at Sun Nov 16 02:45:02 IST 2025
[GitWatch] Up to date
[GitWatch] Run at Sun Nov 16 02:45:12 IST 2025
[GitWatch] Up to date
[GitWatch] Run at Sun Nov 16 02:45:22 IST 2025
[GitWatch] Up to date
[GitWatch] Run at Sun Nov 16 02:45:32 IST 2025
[GitWatch] Up to date
[GitWatch] Run at Sun Nov 16 02:45:42 IST 2025
[GitWatch] Up to date
[GitWatch] Run at Sun Nov 16 02:45:53 IST 2025
[GitWatch] Up to date
[GitWatch] Run at Sun Nov 16 02:46:03 IST 2025
[GitWatch] Up to date
[GitWatch] Run at Sun Nov 16 02:46:13 IST 2025
[GitWatch] Up to date
[GitWatch] Run at Sun Nov 16 02:46:23 IST 2025
[GitWatch] Up to date
[GitWatch] Run at Sun Nov 16 02:46:33 IST 2025
[GitWatch] Up to date
[GitWatch] Run at Sun Nov 16 02:46:44 IST 2025
[GitWatch] Up to date
[GitWatch] Run at Sun Nov 16 02:46:54 IST 2025
[GitWatch] Up to date
[GitWatch] Run at Sun Nov 16 02:47:04 IST 2025
[GitWatch] Up to date
[GitWatch] Run at Sun Nov 16 02:47:14 IST 2025
[GitWatch] Up to date
[GitWatch] Run at Sun Nov 16 02:47:24 IST 2025
[GitWatch] Up to date
[GitWatch] Run at Sun Nov 16 02:47:35 IST 2025
[GitWatch] Up to date
[GitWatch] Run at Sun Nov 16 02:47:45 IST 2025
[GitWatch] Up to date
[GitWatch] Run at Sun Nov 16 02:47:55 IST 2025
[GitWatch] Up to date
[GitWatch] Run at Sun Nov 16 02:48:05 IST 2025
[GitWatch] Up to date
[GitWatch] Run at Sun Nov 16 02:48:15 IST 2025
[GitWatch] Up to date
[GitWatch] Run at Sun Nov 16 02:48:25 IST 2025
[GitWatch] Up to date
[GitWatch] Run at Sun Nov 16 02:48:36 IST 2025
[GitWatch] Up to date
[GitWatch] Run at Sun Nov 16 02:48:46 IST 2025
[GitWatch] Up to date
[GitWatch] Run at Sun Nov 16 02:48:56 IST 2025
[GitWatch] Up to date
[GitWatch] Run at Sun Nov 16 02:49:06 IST 2025
[GitWatch] Up to date
[GitWatch] Run at Sun Nov 16 02:49:16 IST 2025
[GitWatch] Up to date
[GitWatch] Run at Sun Nov 16 02:49:27 IST 2025
[GitWatch] Up to date
[GitWatch] Run at Sun Nov 16 02:49:37 IST 2025
[GitWatch] Up to date
[GitWatch] Run at Sun Nov 16 02:49:47 IST 2025
[GitWatch] Up to date
[GitWatch] Run at Sun Nov 16 02:49:57 IST 2025
[GitWatch] Up to date
[GitWatch] Run at Sun Nov 16 02:50:07 IST 2025
[GitWatch] Up to date
[GitWatch] Run at Sun Nov 16 02:50:18 IST 2025
[GitWatch] Up to date
[GitWatch] Run at Sun Nov 16 02:50:28 IST 2025
[GitWatch] Up to date
[GitWatch] Run at Sun Nov 16 02:50:38 IST 2025
[GitWatch] Up to date
[GitWatch] Run at Sun Nov 16 02:50:48 IST 2025
[GitWatch] Up to date
[GitWatch] Run at Sun Nov 16 02:50:58 IST 2025
[GitWatch] Up to date
[GitWatch] Run at Sun Nov 16 02:51:09 IST 2025
[GitWatch] Up to date
[GitWatch] Run at Sun Nov 16 02:51:19 IST 2025
[GitWatch] Up to date
[GitWatch] Run at Sun Nov 16 02:51:29 IST 2025
[GitWatch] Up to date
[GitWatch] Run at Sun Nov 16 02:51:39 IST 2025
[GitWatch] Up to date
[GitWatch] Run at Sun Nov 16 02:51:49 IST 2025
[GitWatch] Up to date
[GitWatch] Run at Sun Nov 16 02:52:00 IST 2025
[GitWatch] Up to date
[GitWatch] Run at Sun Nov 16 02:52:10 IST 2025
[GitWatch] Up to date
[GitWatch] Run at Sun Nov 16 02:52:20 IST 2025
[GitWatch] Up to date
[GitWatch] Run at Sun Nov 16 02:52:30 IST 2025
[GitWatch] Up to date
[GitWatch] Run at Sun Nov 16 02:52:40 IST 2025
[GitWatch] Up to date
[GitWatch] Run at Sun Nov 16 02:52:50 IST 2025
[GitWatch] Up to date
[GitWatch] Run at Sun Nov 16 02:53:01 IST 2025
[GitWatch] Up to date
[GitWatch] Run at Sun Nov 16 02:53:11 IST 2025
[GitWatch] Up to date
[GitWatch] Run at Sun Nov 16 02:53:21 IST 2025
[GitWatch] Up to date
[GitWatch] Run at Sun Nov 16 02:53:31 IST 2025
[GitWatch] Up to date
[GitWatch] Run at Sun Nov 16 02:53:41 IST 2025
[GitWatch] Up to date
[GitWatch] Run at Sun Nov 16 02:53:52 IST 2025
[GitWatch] Up to date
[GitWatch] Run at Sun Nov 16 02:54:02 IST 2025
[GitWatch] Up to date
[GitWatch] Run at Sun Nov 16 02:54:12 IST 2025
[GitWatch] Up to date
[GitWatch] Run at Sun Nov 16 02:54:22 IST 2025
[GitWatch] Up to date
[GitWatch] Run at Sun Nov 16 02:54:32 IST 2025
[GitWatch] Up to date
[GitWatch] Run at Sun Nov 16 02:54:43 IST 2025
[GitWatch] Up to date
[GitWatch] Run at Sun Nov 16 02:54:53 IST 2025
[GitWatch] Up to date
[GitWatch] Run at Sun Nov 16 02:55:03 IST 2025
[GitWatch] Up to date
[GitWatch] Run at Sun Nov 16 02:55:13 IST 2025
[GitWatch] Up to date
[GitWatch] Run at Sun Nov 16 02:55:23 IST 2025
[GitWatch] Up to date
[GitWatch] Run at Sun Nov 16 02:55:34 IST 2025
[GitWatch] Up to date
[GitWatch] Run at Sun Nov 16 02:55:44 IST 2025
[GitWatch] Up to date
[GitWatch] Run at Sun Nov 16 02:55:54 IST 2025
[GitWatch] Up to date
[GitWatch] Run at Sun Nov 16 02:56:04 IST 2025
[GitWatch] Up to date
[GitWatch] Run at Sun Nov 16 02:56:14 IST 2025
[GitWatch] Up to date
[GitWatch] Run at Sun Nov 16 02:56:25 IST 2025
[GitWatch] Up to date
[GitWatch] Run at Sun Nov 16 02:56:35 IST 2025
[GitWatch] Up to date
[GitWatch] Run at Sun Nov 16 02:56:45 IST 2025
[GitWatch] Up to date
[GitWatch] Run at Sun Nov 16 02:56:55 IST 2025
[GitWatch] Up to date
[GitWatch] Run at Sun Nov 16 02:57:05 IST 2025
[GitWatch] Up to date
[GitWatch] Run at Sun Nov 16 02:57:16 IST 2025
[GitWatch] Up to date
[GitWatch] Run at Sun Nov 16 02:57:26 IST 2025
[GitWatch] Up to date
[GitWatch] Run at Sun Nov 16 02:57:36 IST 2025
[GitWatch] Up to date
[GitWatch] Run at Sun Nov 16 02:57:46 IST 2025
[GitWatch] Up to date
[GitWatch] Run at Sun Nov 16 02:57:56 IST 2025
[GitWatch] Up to date
[GitWatch] Run at Sun Nov 16 02:58:06 IST 2025
[GitWatch] Up to date
[GitWatch] Run at Sun Nov 16 02:58:17 IST 2025
[GitWatch] Up to date
[GitWatch] Run at Sun Nov 16 02:58:27 IST 2025
[GitWatch] Up to date
[GitWatch] Run at Sun Nov 16 02:58:37 IST 2025
[GitWatch] Up to date
[GitWatch] Run at Sun Nov 16 02:58:47 IST 2025
[GitWatch] Up to date
[GitWatch] Run at Sun Nov 16 02:58:57 IST 2025
[GitWatch] Up to date
[GitWatch] Run at Sun Nov 16 02:59:08 IST 2025
[GitWatch] Up to date
[GitWatch] Run at Sun Nov 16 02:59:18 IST 2025
[GitWatch] Up to date
[GitWatch] Run at Sun Nov 16 02:59:28 IST 2025
[GitWatch] Up to date
[GitWatch] Run at Sun Nov 16 02:59:38 IST 2025
[GitWatch] Up to date
[GitWatch] Run at Sun Nov 16 02:59:48 IST 2025
[GitWatch] Up to date
[GitWatch] Run at Sun Nov 16 02:59:59 IST 2025
[GitWatch] Up to date
[GitWatch] Run at Sun Nov 16 03:00:09 IST 2025
[GitWatch] Up to date
[GitWatch] Run at Sun Nov 16 03:00:19 IST 2025
[GitWatch] Up to date
[GitWatch] Run at Sun Nov 16 03:00:29 IST 2025
[GitWatch] Up to date
[GitWatch] Run at Sun Nov 16 03:00:39 IST 2025
[GitWatch] Up to date
[GitWatch] Run at Sun Nov 16 03:00:50 IST 2025
[GitWatch] Up to date
[GitWatch] Run at Sun Nov 16 03:01:00 IST 2025
[GitWatch] Up to date
[GitWatch] Run at Sun Nov 16 03:01:10 IST 2025
[GitWatch] Up to date
[GitWatch] Run at Sun Nov 16 03:01:20 IST 2025
[GitWatch] Up to date
[GitWatch] Run at Sun Nov 16 03:01:30 IST 2025
[GitWatch] Up to date
[GitWatch] Run at Sun Nov 16 03:01:40 IST 2025
[GitWatch] Up to date
[GitWatch] Run at Sun Nov 16 03:01:51 IST 2025
[GitWatch] Up to date
[GitWatch] Run at Sun Nov 16 03:02:01 IST 2025
[GitWatch] Up to date
[GitWatch] Run at Sun Nov 16 03:02:11 IST 2025
[GitWatch] Up to date
[GitWatch] Run at Sun Nov 16 03:02:21 IST 2025
[GitWatch] Up to date
[GitWatch] Run at Sun Nov 16 03:02:31 IST 2025
[GitWatch] Up to date
[GitWatch] Run at Sun Nov 16 03:02:42 IST 2025
[GitWatch] Up to date
[GitWatch] Run at Sun Nov 16 03:02:52 IST 2025
[GitWatch] Up to date
[GitWatch] Run at Sun Nov 16 03:03:02 IST 2025
[GitWatch] Up to date
[GitWatch] Run at Sun Nov 16 03:03:12 IST 2025
[GitWatch] Up to date
[GitWatch] Run at Sun Nov 16 03:03:22 IST 2025
[GitWatch] Up to date
[GitWatch] Run at Sun Nov 16 03:03:33 IST 2025
[GitWatch] Up to date
[GitWatch] Run at Sun Nov 16 03:03:43 IST 2025
[GitWatch] Up to date
[GitWatch] Run at Sun Nov 16 03:03:53 IST 2025
[GitWatch] Up to date
[GitWatch] Run at Sun Nov 16 03:04:03 IST 2025
[GitWatch] Up to date
[GitWatch] Run at Sun Nov 16 03:04:13 IST 2025
[GitWatch] Up to date
[GitWatch] Run at Sun Nov 16 03:04:24 IST 2025
[GitWatch] Up to date
[GitWatch] Run at Sun Nov 16 03:04:34 IST 2025
[GitWatch] Up to date
[GitWatch] Run at Sun Nov 16 03:04:44 IST 2025
[GitWatch] Up to date
[GitWatch] Run at Sun Nov 16 03:04:54 IST 2025
[GitWatch] Up to date
[GitWatch] Run at Sun Nov 16 03:05:04 IST 2025
[GitWatch] Up to date
[GitWatch] Run at Sun Nov 16 03:05:15 IST 2025
[GitWatch] Up to date
[GitWatch] Run at Sun Nov 16 03:05:25 IST 2025
[GitWatch] Up to date
[GitWatch] Run at Sun Nov 16 03:05:35 IST 2025
[GitWatch] Up to date
[GitWatch] Run at Sun Nov 16 03:05:45 IST 2025
[GitWatch] Up to date
[GitWatch] Run at Sun Nov 16 03:05:55 IST 2025
[GitWatch] Up to date
[GitWatch] Run at Sun Nov 16 03:06:06 IST 2025
[GitWatch] Up to date
[GitWatch] Run at Sun Nov 16 03:06:16 IST 2025
[GitWatch] Up to date
[GitWatch] Run at Sun Nov 16 03:06:26 IST 2025
[GitWatch] Up to date
[GitWatch] Run at Sun Nov 16 03:06:36 IST 2025
[GitWatch] Up to date
[GitWatch] Run at Sun Nov 16 03:06:46 IST 2025
[GitWatch] Up to date
[GitWatch] Run at Sun Nov 16 03:06:56 IST 2025
[GitWatch] Up to date
[GitWatch] Run at Sun Nov 16 03:07:07 IST 2025
[GitWatch] Up to date
[GitWatch] Run at Sun Nov 16 03:07:17 IST 2025
[GitWatch] Up to date
[GitWatch] Run at Sun Nov 16 03:07:27 IST 2025
[GitWatch] Up to date
[GitWatch] Run at Sun Nov 16 03:07:37 IST 2025
[GitWatch] Up to date
[GitWatch] Run at Sun Nov 16 03:07:47 IST 2025
[GitWatch] Up to date
[GitWatch] Run at Sun Nov 16 03:07:58 IST 2025
[GitWatch] Up to date
[GitWatch] Run at Sun Nov 16 03:08:08 IST 2025
[GitWatch] Up to date
[GitWatch] Run at Sun Nov 16 03:08:18 IST 2025
[GitWatch] Up to date
[GitWatch] Run at Sun Nov 16 03:08:28 IST 2025
[GitWatch] Up to date
[GitWatch] Run at Sun Nov 16 03:08:38 IST 2025
[GitWatch] Up to date
[GitWatch] Run at Sun Nov 16 03:08:49 IST 2025
[GitWatch] Up to date
[GitWatch] Run at Sun Nov 16 03:08:59 IST 2025
[GitWatch] Up to date
[GitWatch] Run at Sun Nov 16 03:09:09 IST 2025
[GitWatch] Up to date
[GitWatch] Run at Sun Nov 16 03:09:19 IST 2025
[GitWatch] Up to date
[GitWatch] Run at Sun Nov 16 03:09:29 IST 2025
[GitWatch] Up to date
[GitWatch] Run at Sun Nov 16 03:09:40 IST 2025
[GitWatch] Up to date
[GitWatch] Run at Sun Nov 16 03:09:50 IST 2025
[GitWatch] Up to date
[GitWatch] Run at Sun Nov 16 03:10:00 IST 2025
[GitWatch] Up to date
[GitWatch] Run at Sun Nov 16 03:10:10 IST 2025
[GitWatch] Up to date
[GitWatch] Run at Sun Nov 16 03:10:20 IST 2025
[GitWatch] Up to date
[GitWatch] Run at Sun Nov 16 03:10:31 IST 2025
[GitWatch] Up to date
[GitWatch] Run at Sun Nov 16 03:10:41 IST 2025
[GitWatch] Up to date
[GitWatch] Run at Sun Nov 16 03:10:51 IST 2025
[GitWatch] Up to date
[GitWatch] Run at Sun Nov 16 03:11:01 IST 2025
[GitWatch] Up to date
[GitWatch] Run at Sun Nov 16 03:11:11 IST 2025
[GitWatch] Up to date
[GitWatch] Run at Sun Nov 16 03:11:22 IST 2025
[GitWatch] Up to date
[GitWatch] Run at Sun Nov 16 03:11:32 IST 2025
[GitWatch] Up to date
[GitWatch] Run at Sun Nov 16 03:11:42 IST 2025
[GitWatch] Up to date
[GitWatch] Run at Sun Nov 16 03:11:52 IST 2025
[GitWatch] Up to date
[GitWatch] Run at Sun Nov 16 03:12:02 IST 2025
[GitWatch] Up to date
[GitWatch] Run at Sun Nov 16 03:12:12 IST 2025
[GitWatch] Up to date
[GitWatch] Run at Sun Nov 16 03:12:23 IST 2025
[GitWatch] Up to date
[GitWatch] Run at Sun Nov 16 03:12:33 IST 2025
[GitWatch] Up to date
[GitWatch] Run at Sun Nov 16 03:12:43 IST 2025
[GitWatch] Up to date
[GitWatch] Run at Sun Nov 16 03:12:53 IST 2025
[GitWatch] Up to date
[GitWatch] Run at Sun Nov 16 03:13:03 IST 2025
[GitWatch] Up to date
[GitWatch] Run at Sun Nov 16 03:13:14 IST 2025
[GitWatch] Up to date
[GitWatch] Run at Sun Nov 16 03:13:24 IST 2025
[GitWatch] Up to date
[GitWatch] Run at Sun Nov 16 03:13:34 IST 2025
[GitWatch] Up to date
[GitWatch] Run at Sun Nov 16 03:13:44 IST 2025
[GitWatch] Up to date
[GitWatch] Run at Sun Nov 16 03:13:54 IST 2025
[GitWatch] Up to date
[GitWatch] Run at Sun Nov 16 03:14:05 IST 2025
[GitWatch] Up to date
[GitWatch] Run at Sun Nov 16 03:14:15 IST 2025
[GitWatch] Up to date
[GitWatch] Run at Sun Nov 16 03:14:25 IST 2025
[GitWatch] Up to date
[GitWatch] Run at Sun Nov 16 03:14:35 IST 2025
[GitWatch] Up to date
[GitWatch] Run at Sun Nov 16 03:14:45 IST 2025
[GitWatch] Up to date
[GitWatch] Run at Sun Nov 16 03:14:56 IST 2025
[GitWatch] Up to date
[GitWatch] Run at Sun Nov 16 03:15:06 IST 2025
[GitWatch] Up to date
[GitWatch] Run at Sun Nov 16 03:15:16 IST 2025
[GitWatch] Up to date
[GitWatch] Run at Sun Nov 16 03:15:26 IST 2025
[GitWatch] Up to date
[GitWatch] Run at Sun Nov 16 03:15:36 IST 2025
[GitWatch] Up to date
[GitWatch] Run at Sun Nov 16 03:15:47 IST 2025
[GitWatch] Up to date
[GitWatch] Run at Sun Nov 16 03:15:57 IST 2025
[GitWatch] Up to date
[GitWatch] Run at Sun Nov 16 03:16:07 IST 2025
[GitWatch] Up to date
[GitWatch] Run at Sun Nov 16 03:16:17 IST 2025
[GitWatch] Up to date
[GitWatch] Run at Sun Nov 16 03:16:27 IST 2025
[GitWatch] Up to date
[GitWatch] Run at Sun Nov 16 03:16:38 IST 2025
[GitWatch] Up to date
[GitWatch] Run at Sun Nov 16 03:16:48 IST 2025
[GitWatch] Up to date
[GitWatch] Run at Sun Nov 16 03:16:58 IST 2025
[GitWatch] Up to date
[GitWatch] Run at Sun Nov 16 03:17:08 IST 2025
[GitWatch] Up to date
[GitWatch] Run at Sun Nov 16 03:17:18 IST 2025
[GitWatch] Up to date
[GitWatch] Run at Sun Nov 16 03:17:29 IST 2025
[GitWatch] Up to date
[GitWatch] Run at Sun Nov 16 03:17:39 IST 2025
[GitWatch] Up to date
[GitWatch] Run at Sun Nov 16 03:17:49 IST 2025
[GitWatch] Up to date
[GitWatch] Run at Sun Nov 16 03:17:59 IST 2025
[GitWatch] Up to date
[GitWatch] Run at Sun Nov 16 03:18:09 IST 2025
[GitWatch] Up to date
[GitWatch] Run at Sun Nov 16 03:18:20 IST 2025
[GitWatch] Up to date
[GitWatch] Run at Sun Nov 16 03:18:30 IST 2025
[GitWatch] Up to date
[GitWatch] Run at Sun Nov 16 03:18:40 IST 2025
[GitWatch] Up to date
[GitWatch] Run at Sun Nov 16 03:18:50 IST 2025
[GitWatch] Up to date
[GitWatch] Run at Sun Nov 16 03:19:00 IST 2025
[GitWatch] Up to date
[GitWatch] Run at Sun Nov 16 03:19:10 IST 2025
[GitWatch] Up to date
[GitWatch] Run at Sun Nov 16 03:19:21 IST 2025
[GitWatch] Up to date
[GitWatch] Run at Sun Nov 16 03:19:31 IST 2025
[GitWatch] Up to date
[GitWatch] Run at Sun Nov 16 03:19:41 IST 2025
[GitWatch] Up to date
[GitWatch] Run at Sun Nov 16 03:19:51 IST 2025
[GitWatch] Up to date
[GitWatch] Run at Sun Nov 16 03:20:01 IST 2025
[GitWatch] Up to date
[GitWatch] Run at Sun Nov 16 03:20:12 IST 2025
[GitWatch] Up to date
[GitWatch] Run at Sun Nov 16 03:20:22 IST 2025
[GitWatch] Up to date
[GitWatch] Run at Sun Nov 16 03:20:32 IST 2025
[GitWatch] Up to date
[GitWatch] Run at Sun Nov 16 03:20:42 IST 2025
[GitWatch] Up to date
[GitWatch] Run at Sun Nov 16 03:20:52 IST 2025
[GitWatch] Up to date
[GitWatch] Run at Sun Nov 16 03:21:03 IST 2025
[GitWatch] Up to date
[GitWatch] Run at Sun Nov 16 03:21:13 IST 2025
[GitWatch] Up to date
[GitWatch] Run at Sun Nov 16 03:21:23 IST 2025
[GitWatch] Up to date
[GitWatch] Run at Sun Nov 16 03:21:33 IST 2025
[GitWatch] Up to date
[GitWatch] Run at Sun Nov 16 03:21:43 IST 2025
[GitWatch] Up to date
[GitWatch] Run at Sun Nov 16 03:21:54 IST 2025
[GitWatch] Up to date
[GitWatch] Run at Sun Nov 16 03:22:04 IST 2025
[GitWatch] Up to date
[GitWatch] Run at Sun Nov 16 03:22:14 IST 2025
[GitWatch] Up to date
[GitWatch] Run at Sun Nov 16 03:22:24 IST 2025
[GitWatch] Up to date
[GitWatch] Run at Sun Nov 16 03:22:34 IST 2025
[GitWatch] Up to date
[GitWatch] Run at Sun Nov 16 03:22:45 IST 2025
[GitWatch] Up to date
[GitWatch] Run at Sun Nov 16 03:22:55 IST 2025
[GitWatch] Up to date
[GitWatch] Run at Sun Nov 16 03:23:05 IST 2025
[GitWatch] Up to date
[GitWatch] Run at Sun Nov 16 03:23:15 IST 2025
[GitWatch] Up to date
[GitWatch] Run at Sun Nov 16 03:23:25 IST 2025
[GitWatch] Up to date
[GitWatch] Run at Sun Nov 16 03:23:36 IST 2025
[GitWatch] Up to date
[GitWatch] Run at Sun Nov 16 03:23:46 IST 2025
[GitWatch] Up to date
[GitWatch] Run at Sun Nov 16 03:23:56 IST 2025
[GitWatch] Up to date
[GitWatch] Run at Sun Nov 16 03:24:06 IST 2025
[GitWatch] Up to date
[GitWatch] Run at Sun Nov 16 03:24:16 IST 2025
[GitWatch] Up to date
[GitWatch] Run at Sun Nov 16 03:24:26 IST 2025
[GitWatch] Up to date
[GitWatch] Run at Sun Nov 16 03:24:37 IST 2025
[GitWatch] Up to date
[GitWatch] Run at Sun Nov 16 03:24:47 IST 2025
[GitWatch] Up to date
[GitWatch] Run at Sun Nov 16 03:24:57 IST 2025
[GitWatch] Up to date
[GitWatch] Run at Sun Nov 16 03:25:07 IST 2025
[GitWatch] Up to date
[GitWatch] Run at Sun Nov 16 03:25:17 IST 2025
[GitWatch] Up to date
[GitWatch] Run at Sun Nov 16 03:25:28 IST 2025
[GitWatch] Up to date
[GitWatch] Run at Sun Nov 16 03:25:38 IST 2025
[GitWatch] Up to date
[GitWatch] Run at Sun Nov 16 03:25:48 IST 2025
[GitWatch] Up to date
[GitWatch] Run at Sun Nov 16 03:25:58 IST 2025
[GitWatch] Up to date
[GitWatch] Run at Sun Nov 16 03:26:08 IST 2025
[GitWatch] Up to date
[GitWatch] Run at Sun Nov 16 03:26:19 IST 2025
[GitWatch] Up to date
[GitWatch] Run at Sun Nov 16 03:26:29 IST 2025
[GitWatch] Up to date
[GitWatch] Run at Sun Nov 16 03:26:39 IST 2025
[GitWatch] Up to date
[GitWatch] Run at Sun Nov 16 03:26:49 IST 2025
[GitWatch] Up to date
[GitWatch] Run at Sun Nov 16 03:26:59 IST 2025
[GitWatch] Up to date
[GitWatch] Run at Sun Nov 16 03:27:10 IST 2025
[GitWatch] Up to date
[GitWatch] Run at Sun Nov 16 03:27:20 IST 2025
[GitWatch] Up to date
[GitWatch] Run at Sun Nov 16 03:27:30 IST 2025
[GitWatch] Up to date
[GitWatch] Run at Sun Nov 16 03:27:40 IST 2025
[GitWatch] Up to date
[GitWatch] Run at Sun Nov 16 03:27:50 IST 2025
[GitWatch] Up to date
[GitWatch] Run at Sun Nov 16 03:28:01 IST 2025
[GitWatch] Up to date
[GitWatch] Run at Sun Nov 16 03:28:11 IST 2025
[GitWatch] Up to date
[GitWatch] Run at Sun Nov 16 03:28:21 IST 2025
[GitWatch] Up to date
[GitWatch] Run at Sun Nov 16 03:28:31 IST 2025
[GitWatch] Up to date
[GitWatch] Run at Sun Nov 16 03:28:41 IST 2025
[GitWatch] Up to date
[GitWatch] Run at Sun Nov 16 03:28:52 IST 2025
[GitWatch] Up to date
[GitWatch] Run at Sun Nov 16 03:29:02 IST 2025
[GitWatch] Up to date
[GitWatch] Run at Sun Nov 16 03:29:12 IST 2025
[GitWatch] Up to date
[GitWatch] Run at Sun Nov 16 03:29:22 IST 2025
[GitWatch] Up to date
[GitWatch] Run at Sun Nov 16 03:29:32 IST 2025
[GitWatch] Up to date
[GitWatch] Run at Sun Nov 16 03:29:43 IST 2025
[GitWatch] Up to date
[GitWatch] Run at Sun Nov 16 03:29:53 IST 2025
[GitWatch] Up to date
[GitWatch] Run at Sun Nov 16 03:30:03 IST 2025
[GitWatch] Up to date
[GitWatch] Run at Sun Nov 16 03:30:13 IST 2025
[GitWatch] Up to date
[GitWatch] Run at Sun Nov 16 03:30:23 IST 2025
[GitWatch] Up to date
[GitWatch] Run at Sun Nov 16 03:30:34 IST 2025
[GitWatch] Up to date
[GitWatch] Run at Sun Nov 16 03:30:44 IST 2025
[GitWatch] Up to date
[GitWatch] Run at Sun Nov 16 03:30:54 IST 2025
[GitWatch] Up to date
[GitWatch] Run at Sun Nov 16 03:31:04 IST 2025
[GitWatch] Up to date
[GitWatch] Run at Sun Nov 16 03:31:14 IST 2025
[GitWatch] Up to date
[GitWatch] Run at Sun Nov 16 03:31:25 IST 2025
[GitWatch] Up to date
[GitWatch] Run at Sun Nov 16 03:31:35 IST 2025
[GitWatch] Up to date
[GitWatch] Run at Sun Nov 16 03:31:45 IST 2025
[GitWatch] Up to date
[GitWatch] Run at Sun Nov 16 03:31:55 IST 2025
[GitWatch] Up to date
[GitWatch] Run at Sun Nov 16 03:32:05 IST 2025
[GitWatch] Up to date
[GitWatch] Run at Sun Nov 16 03:32:16 IST 2025
[GitWatch] Up to date
[GitWatch] Run at Sun Nov 16 03:32:26 IST 2025
[GitWatch] Up to date
[GitWatch] Run at Sun Nov 16 03:32:36 IST 2025
[GitWatch] Up to date
[GitWatch] Run at Sun Nov 16 03:32:46 IST 2025
[GitWatch] Up to date
[GitWatch] Run at Sun Nov 16 03:32:56 IST 2025
[GitWatch] Up to date
[GitWatch] Run at Sun Nov 16 03:33:06 IST 2025
[GitWatch] Up to date
[GitWatch] Run at Sun Nov 16 03:33:17 IST 2025
[GitWatch] Up to date
[GitWatch] Run at Sun Nov 16 03:33:27 IST 2025
[GitWatch] Up to date
[GitWatch] Run at Sun Nov 16 03:33:37 IST 2025
[GitWatch] Up to date
[GitWatch] Run at Sun Nov 16 03:33:47 IST 2025
[GitWatch] Up to date
[GitWatch] Run at Sun Nov 16 03:33:57 IST 2025
[GitWatch] Up to date
[GitWatch] Run at Sun Nov 16 03:34:08 IST 2025
[GitWatch] Up to date
[GitWatch] Run at Sun Nov 16 03:34:18 IST 2025
[GitWatch] Up to date
[GitWatch] Run at Sun Nov 16 03:34:28 IST 2025
[GitWatch] Up to date
[GitWatch] Run at Sun Nov 16 03:34:38 IST 2025
[GitWatch] Up to date
[GitWatch] Run at Sun Nov 16 03:34:48 IST 2025
[GitWatch] Up to date
[GitWatch] Run at Sun Nov 16 03:34:59 IST 2025
[GitWatch] Up to date
[GitWatch] Run at Sun Nov 16 03:35:09 IST 2025
[GitWatch] Up to date
[GitWatch] Run at Sun Nov 16 03:35:19 IST 2025
[GitWatch] Up to date
[GitWatch] Run at Sun Nov 16 03:35:29 IST 2025
[GitWatch] Up to date
[GitWatch] Run at Sun Nov 16 03:35:39 IST 2025
[GitWatch] Up to date
[GitWatch] Run at Sun Nov 16 03:35:50 IST 2025
[GitWatch] Up to date
[GitWatch] Run at Sun Nov 16 03:36:00 IST 2025
[GitWatch] Up to date
[GitWatch] Run at Sun Nov 16 03:36:10 IST 2025
[GitWatch] Up to date
[GitWatch] Run at Sun Nov 16 03:36:20 IST 2025
[GitWatch] Up to date
[GitWatch] Run at Sun Nov 16 03:36:30 IST 2025
[GitWatch] Up to date
[GitWatch] Run at Sun Nov 16 03:36:41 IST 2025
[GitWatch] Up to date
[GitWatch] Run at Sun Nov 16 03:36:51 IST 2025
[GitWatch] Up to date
[GitWatch] Run at Sun Nov 16 03:37:01 IST 2025
[GitWatch] Up to date
[GitWatch] Run at Sun Nov 16 03:37:11 IST 2025
[GitWatch] Up to date
[GitWatch] Run at Sun Nov 16 03:37:21 IST 2025
[GitWatch] Up to date
[GitWatch] Run at Sun Nov 16 03:37:32 IST 2025
[GitWatch] Up to date
[GitWatch] Run at Sun Nov 16 03:37:42 IST 2025
[GitWatch] Up to date
[GitWatch] Run at Sun Nov 16 03:37:52 IST 2025
[GitWatch] Up to date
[GitWatch] Run at Sun Nov 16 03:38:02 IST 2025
[GitWatch] Up to date
[GitWatch] Run at Sun Nov 16 03:38:12 IST 2025
[GitWatch] Up to date
[GitWatch] Run at Sun Nov 16 03:38:23 IST 2025
[GitWatch] Up to date
[GitWatch] Run at Sun Nov 16 03:38:33 IST 2025
[GitWatch] Up to date
[GitWatch] Run at Sun Nov 16 03:38:43 IST 2025
[GitWatch] Up to date
[GitWatch] Run at Sun Nov 16 03:38:53 IST 2025
[GitWatch] Up to date
[GitWatch] Run at Sun Nov 16 03:39:03 IST 2025
[GitWatch] Up to date
[GitWatch] Run at Sun Nov 16 03:39:14 IST 2025
[GitWatch] Up to date
[GitWatch] Run at Sun Nov 16 03:39:24 IST 2025
[GitWatch] Up to date
[GitWatch] Run at Sun Nov 16 03:39:34 IST 2025
[GitWatch] Up to date
[GitWatch] Run at Sun Nov 16 03:39:44 IST 2025
[GitWatch] Up to date
[GitWatch] Run at Sun Nov 16 03:39:54 IST 2025
[GitWatch] Up to date
[GitWatch] Run at Sun Nov 16 03:40:05 IST 2025
[GitWatch] Up to date
[GitWatch] Run at Sun Nov 16 03:40:15 IST 2025
[GitWatch] Up to date
[GitWatch] Run at Sun Nov 16 03:40:25 IST 2025
[GitWatch] Up to date
[GitWatch] Run at Sun Nov 16 03:40:35 IST 2025
[GitWatch] Up to date
[GitWatch] Run at Sun Nov 16 03:40:45 IST 2025
[GitWatch] Up to date
[GitWatch] Run at Sun Nov 16 03:40:56 IST 2025
[GitWatch] Up to date
[GitWatch] Run at Sun Nov 16 03:41:06 IST 2025
[GitWatch] Up to date
[GitWatch] Run at Sun Nov 16 03:41:16 IST 2025
[GitWatch] Up to date
[GitWatch] Run at Sun Nov 16 03:41:26 IST 2025
[GitWatch] Up to date
[GitWatch] Run at Mon Nov 17 11:55:00 IST 2025
[GitWatch] Up to date
